real,approx,abs_error_percentage,approx paths given
5841.13,5841.13,0.0,False
-1.0,-1.0,-0.0,False
-1.0,-1.0,-0.0,False
8309.47,8309.47,0.0,False
5279.24,5279.24,0.0,False
2253.99,2253.99,0.0,False
3113.69,3113.69,0.0,False
-1.0,-1.0,-0.0,False
5993.49,5993.49,0.0,False
9280.68,-1.0,100.0,False
7418.52,-1.0,100.0,False
6415.28,6415.28,0.0,False
4215.43,4215.43,0.0,False
3893.57,3893.57,0.0,False
2029.62,2029.62,0.0,False
9451.13,-1.0,100.0,False
-1.0,-1.0,-0.0,False
2898.73,2898.73,0.0,False
8054.84,8054.84,0.0,False
4968.2,4968.2,0.0,False
-1.0,-1.0,-0.0,False
2210.65,2210.65,0.0,False
5965.53,5965.53,0.0,False
-1.0,-1.0,-0.0,False
3931.67,3931.67,0.0,False
-1.0,-1.0,-0.0,False
2291.98,2291.98,0.0,False
5244.9,5244.9,0.0,False
4507.55,4507.55,0.0,False
5845.44,5845.44,0.0,False
6988.21,6988.21,0.0,False
7584.88,7584.88,0.0,False
533.5,533.5,0.0,False
3543.68,3543.68,0.0,False
3489.28,3489.28,0.0,False
-1.0,-1.0,-0.0,False
3814.12,3814.12,0.0,False
-1.0,-1.0,-0.0,False
5296.65,5296.65,0.0,False
3290.62,3290.62,0.0,False
7458.35,7458.35,0.0,False
3963.36,3963.36,0.0,False
4498.71,4498.71,0.0,False
4982.39,4982.39,0.0,False
-1.0,-1.0,-0.0,False
2099.95,2099.95,0.0,False
2494.82,2494.82,0.0,False
4396.68,4396.68,0.0,False
-1.0,-1.0,-0.0,False
6225.66,6225.66,0.0,False
1595.47,1595.47,0.0,False
6600.8,6600.8,0.0,False
6943.91,-1.0,100.0,False
-1.0,-1.0,-0.0,False
11388.93,-1.0,100.0,False
1292.7,1292.7,0.0,False
4281.88,4281.88,0.0,False
1299.37,1299.37,0.0,False
4473.35,4473.35,0.0,False
-1.0,-1.0,-0.0,False
-1.0,-1.0,-0.0,False
6607.95,6607.95,0.0,False
5124.38,5124.38,0.0,False
4456.5,4456.5,0.0,False
6577.21,6577.21,0.0,False
3480.57,3480.57,0.0,False
7355.35,-1.0,100.0,False
9220.96,-1.0,100.0,False
7152.32,-1.0,100.0,False
2404.77,2404.77,0.0,False
6358.23,-1.0,100.0,False
5954.47,5954.47,0.0,False
6615.2,-1.0,100.0,False
4995.26,4995.26,0.0,False
7311.67,7311.67,0.0,False
1623.0,1623.0,0.0,False
-1.0,-1.0,-0.0,False
-1.0,-1.0,-0.0,False
3059.97,3059.97,0.0,False
4138.73,4138.73,0.0,False
5894.48,-1.0,100.0,False
5489.24,5489.24,0.0,False
7591.63,7591.63,0.0,False
-1.0,-1.0,-0.0,False
4356.41,4356.41,0.0,False
3580.62,3580.62,0.0,False
4560.91,4560.91,0.0,False
2172.42,2172.42,0.0,False
9052.86,9052.86,0.0,False
6564.93,6564.93,0.0,False
10431.21,-1.0,100.0,False
1565.91,1565.91,0.0,False
3766.26,3766.26,0.0,False
5753.2,5753.2,0.0,False
5346.71,5346.71,0.0,False
-1.0,-1.0,-0.0,False
-1.0,-1.0,-0.0,False
-1.0,-1.0,-0.0,False
4423.56,4423.56,0.0,False
-1.0,-1.0,-0.0,False
9038.67,9038.67,0.0,False
3478.25,3478.25,0.0,False
7834.91,-1.0,100.0,False
-1.0,-1.0,-0.0,False
6844.38,6844.38,0.0,False
6840.83,-1.0,100.0,False
-1.0,-1.0,-0.0,False
4250.0,4250.0,0.0,False
1556.64,1556.64,0.0,False
1351.7,1351.7,0.0,False
6276.94,6276.94,0.0,False
6777.17,6777.17,0.0,False
4800.86,4800.86,0.0,False
2380.26,2380.26,0.0,False
3411.65,3411.65,0.0,False
5690.11,-1.0,100.0,False
865.73,865.73,0.0,False
3046.42,3046.42,0.0,False
7956.57,-1.0,100.0,False
1028.1,1028.1,0.0,False
2774.51,2774.51,0.0,False
-1.0,-1.0,-0.0,False
5679.12,5679.12,0.0,False
7529.71,7529.71,0.0,False
-1.0,-1.0,-0.0,False
-1.0,-1.0,-0.0,False
4747.51,4747.51,0.0,False
5082.53,5082.53,0.0,False
6169.16,-1.0,100.0,False
-1.0,-1.0,-0.0,False
3618.43,3618.43,0.0,False
7380.13,7380.13,0.0,False
-1.0,-1.0,-0.0,False
4311.35,4311.35,0.0,False
4988.19,4988.19,0.0,False
4640.99,4640.99,0.0,False
4140.84,4140.84,0.0,False
-1.0,-1.0,-0.0,False
-1.0,-1.0,-0.0,False
5626.76,5626.76,0.0,False
4075.3,4075.3,0.0,False
3629.02,3629.02,0.0,False
1890.45,1890.45,0.0,False
-1.0,-1.0,-0.0,False
-1.0,-1.0,-0.0,False
4900.28,4900.28,0.0,False
-1.0,-1.0,-0.0,False
5697.71,5697.71,0.0,False
-1.0,-1.0,-0.0,False
10740.0,-1.0,100.0,False
4558.49,4558.49,0.0,False
5183.25,5183.25,0.0,False
5846.59,5846.59,0.0,False
2531.11,2531.11,0.0,False
6642.5,-1.0,100.0,False
-1.0,-1.0,-0.0,False
11643.23,-1.0,100.0,False
4652.5,4652.5,0.0,False
6480.71,-1.0,100.0,False
2666.65,2666.65,0.0,False
6796.58,6796.58,0.0,False
7514.94,-1.0,100.0,False
-1.0,-1.0,-0.0,False
6275.86,6275.86,0.0,False
4567.29,4567.29,0.0,False
-1.0,-1.0,-0.0,False
3824.83,3824.83,0.0,False
207.29,207.29,0.0,False
8652.47,8652.47,0.0,False
4663.43,4663.43,0.0,False
2513.14,2513.14,0.0,False
-1.0,-1.0,-0.0,False
3648.36,3648.36,0.0,False
3813.91,3813.91,0.0,False
6978.73,-1.0,100.0,False
8771.75,-1.0,100.0,False
-1.0,-1.0,-0.0,False
8551.47,8551.47,0.0,False
2477.35,2477.35,0.0,False
-1.0,-1.0,-0.0,False
5278.18,5278.18,0.0,False
4136.54,4136.54,0.0,False
317.26,317.26,0.0,False
2647.0,2647.0,0.0,False
4280.14,4280.14,0.0,False
5217.75,5217.75,0.0,False
-1.0,-1.0,-0.0,False
7207.71,-1.0,100.0,False
2291.92,2291.92,0.0,False
-1.0,-1.0,-0.0,False
7649.78,-1.0,100.0,False
10612.62,-1.0,100.0,False
5468.38,5468.38,0.0,False
2886.09,2886.09,0.0,False
5627.87,5627.87,0.0,False
5766.96,5766.96,0.0,False
-1.0,-1.0,-0.0,False
7350.48,7350.48,0.0,False
-1.0,-1.0,-0.0,False
-1.0,-1.0,-0.0,False
9646.13,-1.0,100.0,False
3088.37,3088.37,0.0,False
-1.0,-1.0,-0.0,False
1770.74,1770.74,0.0,False
-1.0,-1.0,-0.0,False
7620.45,7620.45,0.0,False
6538.97,6538.97,0.0,False
-1.0,-1.0,-0.0,False
1383.84,1383.84,0.0,False
-1.0,-1.0,-0.0,False
5782.8,5782.8,0.0,False
-1.0,-1.0,-0.0,False
-1.0,-1.0,-0.0,False
-1.0,-1.0,-0.0,False
-1.0,-1.0,-0.0,False
2846.8,2846.8,0.0,False
5967.14,5967.14,0.0,False
2955.37,2955.37,0.0,False
4770.43,4770.43,0.0,False
11529.28,-1.0,100.0,False
7967.97,-1.0,100.0,False
1258.13,1258.13,0.0,False
3433.96,3433.96,0.0,False
8490.47,8490.47,0.0,False
-1.0,-1.0,-0.0,False
7371.22,7371.22,0.0,False
-1.0,-1.0,-0.0,False
-1.0,-1.0,-0.0,False
3870.26,3870.26,0.0,False
1704.73,1704.73,0.0,False
8192.09,8192.09,0.0,False
-1.0,-1.0,-0.0,False
-1.0,-1.0,-0.0,False
2991.51,2991.51,0.0,False
10200.46,10200.46,0.0,False
3112.83,3112.83,0.0,False
6638.54,6638.54,0.0,False
8915.84,-1.0,100.0,False
6188.85,6188.85,0.0,False
7475.57,7475.57,0.0,False
6014.5,6014.5,0.0,False
2014.41,2014.41,0.0,False
3445.97,3445.97,0.0,False
4164.4,4164.4,0.0,False
2695.74,2695.74,0.0,False
12482.51,-1.0,100.0,False
-1.0,-1.0,-0.0,False
7558.06,-1.0,100.0,False
-1.0,-1.0,-0.0,False
6964.79,-1.0,100.0,False
4453.9,4453.9,0.0,False
1370.89,1370.89,0.0,False
4106.81,4106.81,0.0,False
-1.0,-1.0,-0.0,False
8848.44,-1.0,100.0,False
8180.8,-1.0,100.0,False
5942.95,5942.95,0.0,False
6120.96,-1.0,100.0,False
7306.94,-1.0,100.0,False
8642.45,8642.45,0.0,False
5548.95,5548.95,0.0,False
4700.11,4700.11,0.0,False
4801.6,4801.6,0.0,False
3524.45,3524.45,0.0,False
3362.45,3362.45,0.0,False
5927.12,5927.12,0.0,False
6394.43,6394.43,0.0,False
2981.06,2981.06,0.0,False
6147.15,6147.15,0.0,False
-1.0,-1.0,-0.0,False
3150.61,3150.61,0.0,False
1794.49,1794.49,0.0,False
7233.85,-1.0,100.0,False
-1.0,-1.0,-0.0,False
7173.87,7173.87,0.0,False
4363.09,4363.09,0.0,False
-1.0,-1.0,-0.0,False
-1.0,-1.0,-0.0,False
6702.4,6702.4,0.0,False
2251.39,2251.39,0.0,False
6967.22,6967.22,0.0,False
1398.39,1398.39,0.0,False
3737.5,3737.5,0.0,False
3210.82,3210.82,0.0,False
5620.11,-1.0,100.0,False
5426.98,5426.98,0.0,False
7396.4,7396.4,0.0,False
7760.28,-1.0,100.0,False
6288.79,6288.79,0.0,False
6760.91,-1.0,100.0,False
4021.31,4021.31,0.0,False
8840.42,-1.0,100.0,False
4212.4,4212.4,0.0,False
3911.88,3911.88,0.0,False
3864.12,3864.12,0.0,False
3457.73,3457.73,0.0,False
11839.31,-1.0,100.0,False
4175.35,4175.35,0.0,False
5919.84,5919.84,0.0,False
4371.72,4371.72,0.0,False
-1.0,-1.0,-0.0,False
5327.39,5327.39,0.0,False
-1.0,-1.0,-0.0,False
3689.54,3689.54,0.0,False
2922.34,2922.34,0.0,False
6554.57,6554.57,0.0,False
4468.8,4468.8,0.0,False
11957.23,-1.0,100.0,False
-1.0,-1.0,-0.0,False
4777.91,4777.91,0.0,False
10194.4,-1.0,100.0,False
4626.04,4626.04,0.0,False
6700.23,6700.23,0.0,False
-1.0,-1.0,-0.0,False
3230.6,3230.6,0.0,False
10093.55,10093.55,0.0,False
3536.53,3536.53,0.0,False
-1.0,-1.0,-0.0,False
8804.16,8804.16,0.0,False
5866.32,5866.32,0.0,False
-1.0,-1.0,-0.0,False
-1.0,-1.0,-0.0,False
4859.38,4859.38,0.0,False
6297.54,6297.54,0.0,False
7133.35,7133.35,0.0,False
7973.94,7973.94,0.0,False
-1.0,-1.0,-0.0,False
4983.17,4983.17,0.0,False
3052.95,3052.95,0.0,False
-1.0,-1.0,-0.0,False
1727.53,1727.53,0.0,False
7380.18,7380.18,0.0,False
7745.54,-1.0,100.0,False
-1.0,-1.0,-0.0,False
-1.0,-1.0,-0.0,False
-1.0,-1.0,-0.0,False
5968.27,5968.27,0.0,False
3424.85,3424.85,0.0,False
3587.32,3587.32,0.0,False
4079.44,4079.44,0.0,False
-1.0,-1.0,-0.0,False
3789.34,3789.34,0.0,False
8987.77,8987.77,0.0,False
1228.49,1228.49,0.0,False
3267.8,3267.8,0.0,False
-1.0,-1.0,-0.0,False
-1.0,-1.0,-0.0,False
4612.76,4612.76,0.0,False
8993.86,-1.0,100.0,False
4720.16,4720.16,0.0,False
-1.0,-1.0,-0.0,False
3559.87,3559.87,0.0,False
1792.66,1792.66,0.0,False
2928.72,2928.72,0.0,False
2383.47,2383.47,0.0,False
4338.5,4338.5,0.0,False
2488.3,2488.3,0.0,False
2797.25,2797.25,0.0,False
-1.0,-1.0,-0.0,False
2750.01,2750.01,0.0,False
-1.0,-1.0,-0.0,False
1674.76,1674.76,0.0,False
9894.19,-1.0,100.0,False
-1.0,-1.0,-0.0,False
5229.8,5229.8,0.0,False
-1.0,-1.0,-0.0,False
5797.27,5797.27,0.0,False
-1.0,-1.0,-0.0,False
3780.41,3780.41,0.0,False
2670.66,2670.66,0.0,False
3770.2,3770.2,0.0,False
4018.77,4018.77,0.0,False
4178.74,4178.74,0.0,False
2551.11,2551.11,0.0,False
4820.17,4820.17,0.0,False
8839.41,8839.41,0.0,False
-1.0,-1.0,-0.0,False
3812.79,3812.79,0.0,False
3870.41,3870.41,0.0,False
-1.0,-1.0,-0.0,False
5954.87,5954.87,0.0,False
-1.0,-1.0,-0.0,False
8324.79,8324.79,0.0,False
7523.28,-1.0,100.0,False
4701.79,4701.79,0.0,False
3800.39,3800.39,0.0,False
-1.0,-1.0,-0.0,False
-1.0,-1.0,-0.0,False
4780.0,4780.0,0.0,False
-1.0,-1.0,-0.0,False
7372.13,7372.13,0.0,False
-1.0,-1.0,-0.0,False
5779.09,-1.0,100.0,False
4277.67,4277.67,0.0,False
4542.13,4542.13,0.0,False
5587.88,5587.88,0.0,False
1943.49,1943.49,0.0,False
3587.09,3587.09,0.0,False
7795.47,-1.0,100.0,False
5652.94,5652.94,0.0,False
-1.0,-1.0,-0.0,False
1418.98,1418.98,0.0,False
13379.44,13379.44,0.0,False
3433.31,3433.31,0.0,False
1923.97,1923.97,0.0,False
4099.32,4099.32,0.0,False
4973.85,4973.85,0.0,False
7321.74,7321.74,0.0,False
7053.81,7053.81,0.0,False
8339.68,8339.68,0.0,False
-1.0,-1.0,-0.0,False
-1.0,-1.0,-0.0,False
4061.12,4061.12,0.0,False
-1.0,-1.0,-0.0,False
-1.0,-1.0,-0.0,False
4432.85,4432.85,0.0,False
2367.26,2367.26,0.0,False
5371.48,5371.48,0.0,False
11778.48,-1.0,100.0,False
1820.41,1820.41,0.0,False
2776.04,2776.04,0.0,False
2997.0,2997.0,0.0,False
6161.28,6161.28,0.0,False
2116.91,2116.91,0.0,False
6897.8,-1.0,100.0,False
1046.66,1046.66,0.0,False
7630.01,7630.01,0.0,False
5619.11,5619.11,0.0,False
6277.93,6277.93,0.0,False
5469.73,5469.73,0.0,False
-1.0,-1.0,-0.0,False
7590.71,-1.0,100.0,False
6423.89,-1.0,100.0,False
6697.44,-1.0,100.0,False
-1.0,-1.0,-0.0,False
3264.45,3264.45,0.0,False
4129.3,4129.3,0.0,False
4868.62,4868.62,0.0,False
-1.0,-1.0,-0.0,False
4752.11,4752.11,0.0,False
7701.24,7701.24,0.0,False
-1.0,-1.0,-0.0,False
-1.0,-1.0,-0.0,False
6620.92,6620.92,0.0,False
-1.0,-1.0,-0.0,False
-1.0,-1.0,-0.0,False
-1.0,-1.0,-0.0,False
1282.58,1282.58,0.0,False
5770.07,5770.07,0.0,False
12768.26,-1.0,100.0,False
9439.78,9439.78,0.0,False
6449.69,6449.69,0.0,False
-1.0,-1.0,-0.0,False
-1.0,-1.0,-0.0,False
5581.36,5581.36,0.0,False
1841.53,1841.53,0.0,False
10917.02,-1.0,100.0,False
2325.32,2325.32,0.0,False
3514.33,3514.33,0.0,False
2471.22,2471.22,0.0,False
7024.31,7024.31,0.0,False
3071.34,3071.34,0.0,False
-1.0,-1.0,-0.0,False
3100.25,3100.25,0.0,False
5029.98,5029.98,0.0,False
6868.1,6868.1,0.0,False
4375.9,4375.9,0.0,False
8495.67,-1.0,100.0,False
3111.83,3111.83,0.0,False
1825.48,1825.48,0.0,False
6403.27,6403.27,0.0,False
6331.8,6331.8,0.0,False
5642.63,5642.63,0.0,False
5632.9,5632.9,0.0,False
2430.42,2430.42,0.0,False
3655.05,3655.05,0.0,False
2093.32,2093.32,0.0,False
7316.81,7316.81,0.0,False
718.26,718.26,0.0,False
4683.09,4683.09,0.0,False
3822.82,3822.82,0.0,False
1109.96,1109.96,0.0,False
3417.7,3417.7,0.0,False
2678.42,2678.42,0.0,False
3472.46,3472.46,0.0,False
4442.72,4442.72,0.0,False
4005.02,4005.02,0.0,False
1829.61,1829.61,0.0,False
3244.64,3244.64,0.0,False
7778.28,-1.0,100.0,False
4491.81,4491.81,0.0,False
5854.41,5854.41,0.0,False
3665.49,3665.49,0.0,False
5365.2,5365.2,0.0,False
5983.41,5983.41,0.0,False
3758.07,3758.07,0.0,False
-1.0,-1.0,-0.0,False
1197.9,1197.9,0.0,False
3930.15,3930.15,0.0,False
5842.5,-1.0,100.0,False
9067.19,-1.0,100.0,False
5414.55,5414.55,0.0,False
4720.78,4720.78,0.0,False
7389.9,7389.9,0.0,False
3573.99,3573.99,0.0,False
2803.57,2803.57,0.0,False
4909.61,4909.61,0.0,False
7855.76,7855.76,0.0,False
-1.0,-1.0,-0.0,False
3311.14,3311.14,0.0,False
5945.57,5945.57,0.0,False
5792.02,5792.02,0.0,False
-1.0,-1.0,-0.0,False
-1.0,-1.0,-0.0,False
-1.0,-1.0,-0.0,False
1003.76,1003.76,0.0,False
11011.75,-1.0,100.0,False
5242.96,5242.96,0.0,False
-1.0,-1.0,-0.0,False
-1.0,-1.0,-0.0,False
4079.29,4079.29,0.0,False
7282.28,7282.28,0.0,False
6968.11,6968.11,0.0,False
4345.74,4345.74,0.0,False
5244.44,5244.44,0.0,False
2421.79,2421.79,0.0,False
-1.0,-1.0,-0.0,False
4506.22,4506.22,0.0,False
4931.03,4931.03,0.0,False
4878.18,4878.18,0.0,False
-1.0,-1.0,-0.0,False
3913.16,3913.16,0.0,False
4899.51,4899.51,0.0,False
3120.94,3120.94,0.0,False
5476.19,5476.19,0.0,False
4662.24,4662.24,0.0,False
7981.16,-1.0,100.0,False
-1.0,-1.0,-0.0,False
-1.0,-1.0,-0.0,False
7997.39,7997.39,0.0,False
4390.11,4390.11,0.0,False
3305.12,3305.12,0.0,False
4341.92,4341.92,0.0,False
-1.0,-1.0,-0.0,False
7571.75,7571.75,0.0,False
-1.0,-1.0,-0.0,False
2527.87,2527.87,0.0,False
7639.52,7639.52,0.0,False
1290.5,1290.5,0.0,False
2438.33,2438.33,0.0,False
5903.58,5903.58,0.0,False
5994.81,5994.81,0.0,False
-1.0,-1.0,-0.0,False
5053.71,5053.71,0.0,False
713.71,713.71,0.0,False
8073.5,8073.5,0.0,False
-1.0,-1.0,-0.0,False
6053.97,6053.97,0.0,False
5772.34,-1.0,100.0,False
3031.05,3031.05,0.0,False
3415.85,3415.85,0.0,False
5005.18,5005.18,0.0,False
5714.18,5714.18,0.0,False
4601.79,4601.79,0.0,False
9380.13,9380.13,0.0,False
6874.95,6874.95,0.0,False
4957.92,4957.92,0.0,False
-1.0,-1.0,-0.0,False
-1.0,-1.0,-0.0,False
7155.17,7155.17,0.0,False
5973.87,5973.87,0.0,False
1668.38,1668.38,0.0,False
6090.01,-1.0,100.0,False
10746.06,-1.0,100.0,False
3002.02,3002.02,0.0,False
3224.72,3224.72,0.0,False
4144.28,4144.28,0.0,False
5695.08,5695.08,0.0,False
5509.68,5509.68,0.0,False
5885.75,5885.75,0.0,False
3420.13,3420.13,0.0,False
4121.19,4121.19,0.0,False
7885.86,7885.86,0.0,False
1829.17,1829.17,0.0,False
4202.49,4202.49,0.0,False
6939.73,6939.73,0.0,False
10666.28,-1.0,100.0,False
7192.13,7192.13,0.0,False
-1.0,-1.0,-0.0,False
-1.0,-1.0,-0.0,False
-1.0,-1.0,-0.0,False
4796.74,4796.74,0.0,False
4013.75,4013.75,0.0,False
3392.25,3392.25,0.0,False
2833.86,2833.86,0.0,False
2726.47,2726.47,0.0,False
7738.21,7738.21,0.0,False
4680.77,4680.77,0.0,False
1638.46,1638.46,0.0,False
6190.39,6190.39,0.0,False
7019.81,7019.81,0.0,False
-1.0,-1.0,-0.0,False
3459.63,3459.63,0.0,False
6524.63,6524.63,0.0,False
1489.11,1489.11,0.0,False
4557.16,4557.16,0.0,False
6697.23,-1.0,100.0,False
4083.2,4083.2,0.0,False
6533.71,-1.0,100.0,False
-1.0,-1.0,-0.0,False
-1.0,-1.0,-0.0,False
5501.99,5501.99,0.0,False
7274.71,7274.71,0.0,False
8059.52,8059.52,0.0,False
1810.33,1810.33,0.0,False
6071.29,6071.29,0.0,False
8519.03,8519.03,0.0,False
9086.35,-1.0,100.0,False
4622.57,4622.57,0.0,False
2866.82,2866.82,0.0,False
-1.0,-1.0,-0.0,False
-1.0,-1.0,-0.0,False
5892.44,5892.44,0.0,False
-1.0,-1.0,-0.0,False
5443.8,5443.8,0.0,False
9260.63,-1.0,100.0,False
7347.5,7347.5,0.0,False
-1.0,-1.0,-0.0,False
-1.0,-1.0,-0.0,False
817.98,817.98,0.0,False
7918.19,7918.19,0.0,False
5656.59,5656.59,0.0,False
8777.04,8777.04,0.0,False
5752.17,5752.17,0.0,False
1216.28,1216.28,0.0,False
6285.76,6285.76,0.0,False
5730.81,5730.81,0.0,False
6843.22,6843.22,0.0,False
5595.99,5595.99,0.0,False
8719.78,8719.78,0.0,False
941.66,941.66,0.0,False
1178.19,1178.19,0.0,False
5825.37,5825.37,0.0,False
8816.89,8816.89,0.0,False
7063.74,7063.74,0.0,False
2246.96,2246.96,0.0,False
6459.59,6459.59,0.0,False
7946.76,7946.76,0.0,False
5635.92,5635.92,0.0,False
1723.53,1723.53,0.0,False
-1.0,-1.0,-0.0,False
-1.0,-1.0,-0.0,False
7256.89,7256.89,0.0,False
3899.66,3899.66,0.0,False
6778.09,6778.09,0.0,False
3452.56,3452.56,0.0,False
5146.3,5146.3,0.0,False
853.64,853.64,0.0,False
2153.96,2153.96,0.0,False
6361.02,6361.02,0.0,False
-1.0,-1.0,-0.0,False
4645.53,4645.53,0.0,False
-1.0,-1.0,-0.0,False
6485.19,6485.19,0.0,False
7811.96,-1.0,100.0,False
-1.0,-1.0,-0.0,False
2731.25,2731.25,0.0,False
3152.22,3152.22,0.0,False
-1.0,-1.0,-0.0,False
-1.0,-1.0,-0.0,False
-1.0,-1.0,-0.0,False
4168.83,4168.83,0.0,False
-1.0,-1.0,-0.0,False
3573.26,3573.26,0.0,False
973.52,973.52,0.0,False
-1.0,-1.0,-0.0,False
6885.77,-1.0,100.0,False
2607.07,2607.07,0.0,False
9339.66,-1.0,100.0,False
2539.83,2539.83,0.0,False
5727.54,5727.54,0.0,False
-1.0,-1.0,-0.0,False
7547.02,-1.0,100.0,False
-1.0,-1.0,-0.0,False
2784.25,2784.25,0.0,False
-1.0,-1.0,-0.0,False
5805.33,5805.33,0.0,False
4779.34,4779.34,0.0,False
4445.25,4445.25,0.0,False
-1.0,-1.0,-0.0,False
1746.83,1746.83,0.0,False
6171.25,6171.25,0.0,False
5787.23,5787.23,0.0,False
4851.12,4851.12,0.0,False
3368.64,3368.64,0.0,False
5741.4,5741.4,0.0,False
3640.33,3640.33,0.0,False
6360.78,-1.0,100.0,False
-1.0,-1.0,-0.0,False
6418.33,6418.33,0.0,False
-1.0,-1.0,-0.0,False
-1.0,-1.0,-0.0,False
3092.82,3092.82,0.0,False
4324.22,4324.22,0.0,False
-1.0,-1.0,-0.0,False
10348.48,-1.0,100.0,False
8302.79,-1.0,100.0,False
8285.14,-1.0,100.0,False
4949.69,4949.69,0.0,False
7535.12,-1.0,100.0,False
3551.82,3551.82,0.0,False
2861.2,2861.2,0.0,False
4963.27,4963.27,0.0,False
9407.15,9407.15,0.0,False
7255.9,-1.0,100.0,False
2226.03,2226.03,0.0,False
-1.0,-1.0,-0.0,False
8831.41,8831.41,0.0,False
8303.16,-1.0,100.0,False
5865.32,5865.32,0.0,False
4311.27,4311.27,0.0,False
-1.0,-1.0,-0.0,False
4863.73,4863.73,0.0,False
4422.35,4422.35,0.0,False
5928.83,5928.83,0.0,False
-1.0,-1.0,-0.0,False
2225.16,2225.16,0.0,False
2592.88,2592.88,0.0,False
-1.0,-1.0,-0.0,False
-1.0,-1.0,-0.0,False
-1.0,-1.0,-0.0,False
3361.81,3361.81,0.0,False
4053.59,4053.59,0.0,False
11007.75,11007.75,0.0,False
8166.08,8166.08,0.0,False
4578.07,4578.07,0.0,False
6891.72,-1.0,100.0,False
3177.86,3177.86,0.0,False
-1.0,-1.0,-0.0,False
3785.28,3785.28,0.0,False
5635.15,5635.15,0.0,False
5442.72,5442.72,0.0,False
-1.0,-1.0,-0.0,False
8185.31,8185.31,0.0,False
-1.0,-1.0,-0.0,False
-1.0,-1.0,-0.0,False
4928.87,4928.87,0.0,False
6599.35,6599.35,0.0,False
4435.83,4435.83,0.0,False
3786.59,3786.59,0.0,False
4803.89,4803.89,0.0,False
4507.87,4507.87,0.0,False
4646.86,4646.86,0.0,False
11994.67,-1.0,100.0,False
4870.57,4870.57,0.0,False
4510.11,4510.11,0.0,False
-1.0,-1.0,-0.0,False
4750.92,4750.92,0.0,False
4472.11,4472.11,0.0,False
3066.76,3066.76,0.0,False
4864.66,4864.66,0.0,False
11834.66,11834.66,0.0,False
752.44,752.44,0.0,False
4027.1,4027.1,0.0,False
-1.0,-1.0,-0.0,False
3142.25,3142.25,0.0,False
4815.06,4815.06,0.0,False
1852.95,1852.95,0.0,False
1777.95,1777.95,0.0,False
4674.04,4674.04,0.0,False
3491.62,3491.62,0.0,False
4103.5,4103.5,0.0,False
-1.0,-1.0,-0.0,False
2459.28,2459.28,0.0,False
3903.73,3903.73,0.0,False
974.78,974.78,0.0,False
6786.39,6786.39,0.0,False
7832.42,-1.0,100.0,False
2935.1,2935.1,0.0,False
2405.78,2405.78,0.0,False
-1.0,-1.0,-0.0,False
7594.94,-1.0,100.0,False
-1.0,-1.0,-0.0,False
5788.5,-1.0,100.0,False
9141.99,-1.0,100.0,False
7767.29,-1.0,100.0,False
1174.41,1174.41,0.0,False
3879.05,3879.05,0.0,False
5839.4,5839.4,0.0,False
8243.24,-1.0,100.0,False
4841.05,4841.05,0.0,False
7156.16,7156.16,0.0,False
4036.71,4036.71,0.0,False
-1.0,-1.0,-0.0,False
-1.0,-1.0,-0.0,False
-1.0,-1.0,-0.0,False
-1.0,-1.0,-0.0,False
3522.37,3522.37,0.0,False
5025.48,5025.48,0.0,False
-1.0,-1.0,-0.0,False
6866.28,6866.28,0.0,False
4744.8,4744.8,0.0,False
-1.0,-1.0,-0.0,False
4043.47,4043.47,0.0,False
-1.0,-1.0,-0.0,False
6895.86,6895.86,0.0,False
7296.18,-1.0,100.0,False
9779.66,-1.0,100.0,False
1691.41,1691.41,0.0,False
-1.0,-1.0,-0.0,False
-1.0,-1.0,-0.0,False
3837.84,3837.84,0.0,False
8002.1,8002.1,0.0,False
1254.19,1254.19,0.0,False
-1.0,-1.0,-0.0,False
5196.39,5196.39,0.0,False
1760.58,1760.58,0.0,False
-1.0,-1.0,-0.0,False
-1.0,-1.0,-0.0,False
5116.93,5116.93,0.0,False
6771.13,6771.13,0.0,False
-1.0,-1.0,-0.0,False
3266.81,3266.81,0.0,False
4801.92,4801.92,0.0,False
9991.29,-1.0,100.0,False
3830.15,3830.15,0.0,False
-1.0,-1.0,-0.0,False
2307.58,2307.58,0.0,False
-1.0,-1.0,-0.0,False
-1.0,-1.0,-0.0,False
5085.1,5085.1,0.0,False
8058.15,-1.0,100.0,False
-1.0,-1.0,-0.0,False
-1.0,-1.0,-0.0,False
-1.0,-1.0,-0.0,False
6502.53,-1.0,100.0,False
5433.03,5433.03,0.0,False
2121.21,2121.21,0.0,False
7771.96,7771.96,0.0,False
2835.87,2835.87,0.0,False
2532.46,2532.46,0.0,False
-1.0,-1.0,-0.0,False
4289.15,4289.15,0.0,False
2804.75,2804.75,0.0,False
5472.72,5472.72,0.0,False
3453.69,3453.69,0.0,False
-1.0,-1.0,-0.0,False
6768.34,-1.0,100.0,False
-1.0,-1.0,-0.0,False
2328.61,2328.61,0.0,False
-1.0,-1.0,-0.0,False
2303.72,2303.72,0.0,False
7462.59,7462.59,0.0,False
-1.0,-1.0,-0.0,False
8224.02,8224.02,0.0,False
3890.47,3890.47,0.0,False
5042.96,5042.96,0.0,False
5309.81,5309.81,0.0,False
7453.56,7453.56,0.0,False
6393.76,6393.76,0.0,False
-1.0,-1.0,-0.0,False
1339.65,1339.65,0.0,False
4374.12,4374.12,0.0,False
2963.89,2963.89,0.0,False
-1.0,-1.0,-0.0,False
11240.0,-1.0,100.0,False
2453.45,2453.45,0.0,False
3879.82,3879.82,0.0,False
-1.0,-1.0,-0.0,False
4216.52,4216.52,0.0,False
2477.26,2477.26,0.0,False
3547.22,3547.22,0.0,False
-1.0,-1.0,-0.0,False
6162.82,-1.0,100.0,False
1964.24,1964.24,0.0,False
4344.35,4344.35,0.0,False
3569.56,3569.56,0.0,False
-1.0,-1.0,-0.0,False
-1.0,-1.0,-0.0,False
7561.29,7561.29,0.0,False
6685.77,6685.77,0.0,False
3737.52,3737.52,0.0,False
1409.28,1409.28,0.0,False
-1.0,-1.0,-0.0,False
4473.95,4473.95,0.0,False
5121.34,5121.34,0.0,False
5496.14,5496.14,0.0,False
7819.38,7819.38,0.0,False
-1.0,-1.0,-0.0,False
1543.71,1543.71,0.0,False
4228.28,4228.28,0.0,False
-1.0,-1.0,-0.0,False
5191.05,5191.05,0.0,False
6231.9,6231.9,0.0,False
6437.9,6437.9,0.0,False
11251.13,-1.0,100.0,False
-1.0,-1.0,-0.0,False
4431.39,4431.39,0.0,False
10351.84,10351.84,0.0,False
2481.69,2481.69,0.0,False
-1.0,-1.0,-0.0,False
7123.09,7123.09,0.0,False
-1.0,-1.0,-0.0,False
5670.67,5670.67,0.0,False
3271.25,3271.25,0.0,False
4615.75,4615.75,0.0,False
2966.66,2966.66,0.0,False
1409.66,1409.66,0.0,False
-1.0,-1.0,-0.0,False
-1.0,-1.0,-0.0,False
3943.44,3943.44,0.0,False
1220.96,1220.96,0.0,False
6093.42,6093.42,0.0,False
-1.0,-1.0,-0.0,False
-1.0,-1.0,-0.0,False
6765.86,6765.86,0.0,False
7697.83,-1.0,100.0,False
6609.58,-1.0,100.0,False
-1.0,-1.0,-0.0,False
4200.35,4200.35,0.0,False
9925.33,-1.0,100.0,False
-1.0,-1.0,-0.0,False
7584.35,-1.0,100.0,False
-1.0,-1.0,-0.0,False
7324.04,7324.04,0.0,False
2877.76,2877.76,0.0,False
3216.15,3216.15,0.0,False
8303.73,-1.0,100.0,False
-1.0,-1.0,-0.0,False
-1.0,-1.0,-0.0,False
2234.58,2234.58,0.0,False
136.91,136.91,0.0,False
6464.46,6464.46,0.0,False
4958.24,4958.24,0.0,False
4821.55,4821.55,0.0,False
4836.67,4836.67,0.0,False
6845.07,-1.0,100.0,False
9294.4,-1.0,100.0,False
969.59,969.59,0.0,False
5209.67,5209.67,0.0,False
1708.58,1708.58,0.0,False
5877.9,5877.9,0.0,False
3418.76,3418.76,0.0,False
-1.0,-1.0,-0.0,False
6598.73,6598.73,0.0,False
5397.22,5397.22,0.0,False
-1.0,-1.0,-0.0,False
-1.0,-1.0,-0.0,False
5877.67,5877.67,0.0,False
6938.69,6938.69,0.0,False
8545.16,-1.0,100.0,False
-1.0,-1.0,-0.0,False
5902.76,5902.76,0.0,False
-1.0,-1.0,-0.0,False
7429.28,7429.28,0.0,False
7629.12,7629.12,0.0,False
6845.05,-1.0,100.0,False
2572.91,2572.91,0.0,False
4595.72,4595.72,0.0,False
9827.3,-1.0,100.0,False
5701.46,5701.46,0.0,False
-1.0,-1.0,-0.0,False
378.31,378.31,0.0,False
8221.11,8221.11,0.0,False
6941.15,6941.15,0.0,False
9175.43,-1.0,100.0,False
-1.0,-1.0,-0.0,False
6089.85,6089.85,0.0,False
8609.32,-1.0,100.0,False
8712.83,-1.0,100.0,False
3408.13,3408.13,0.0,False
1740.29,1740.29,0.0,False
3706.6,3706.6,0.0,False
3390.1,3390.1,0.0,False
8763.84,8763.84,0.0,False
3761.25,3761.25,0.0,False
5322.09,5322.09,0.0,False
9861.14,-1.0,100.0,False
7925.57,7925.57,0.0,False
-1.0,-1.0,-0.0,False
5816.98,5816.98,0.0,False
2989.91,2989.91,0.0,False
-1.0,-1.0,-0.0,False
6507.08,-1.0,100.0,False
6955.85,-1.0,100.0,False
6494.42,-1.0,100.0,False
4936.71,4936.71,0.0,False
-1.0,-1.0,-0.0,False
4525.86,4525.86,0.0,False
10640.64,-1.0,100.0,False
3856.21,3856.21,0.0,False
-1.0,-1.0,-0.0,False
4848.37,4848.37,0.0,False
-1.0,-1.0,-0.0,False
7728.4,7728.4,0.0,False
-1.0,-1.0,-0.0,False
2209.36,2209.36,0.0,False
3751.32,3751.32,0.0,False
5503.68,5503.68,0.0,False
1417.41,1417.41,0.0,False
2649.22,2649.22,0.0,False
9875.63,-1.0,100.0,False
4773.65,4773.65,0.0,False
512.27,512.27,0.0,False
8677.26,-1.0,100.0,False
3841.16,3841.16,0.0,False
-1.0,-1.0,-0.0,False
5924.04,5924.04,0.0,False
-1.0,-1.0,-0.0,False
-1.0,-1.0,-0.0,False
7903.37,-1.0,100.0,False
5571.38,5571.38,0.0,False
9542.36,9542.36,0.0,False
2921.46,2921.46,0.0,False
3464.29,3464.29,0.0,False
7409.36,7409.36,0.0,False
1966.29,1966.29,0.0,False
7963.1,-1.0,100.0,False
-1.0,-1.0,-0.0,False
4664.78,4664.78,0.0,False
-1.0,-1.0,-0.0,False
4845.31,4845.31,0.0,False
-1.0,-1.0,-0.0,False
6217.72,6217.72,0.0,False
9355.12,-1.0,100.0,False
4806.63,4806.63,0.0,False
-1.0,-1.0,-0.0,False
-1.0,-1.0,-0.0,False
6524.41,6524.41,0.0,False
4619.3,4619.3,0.0,False
6064.8,6064.8,0.0,False
7938.86,7938.86,0.0,False
-1.0,-1.0,-0.0,False
3791.91,3791.91,0.0,False
6336.98,6336.98,0.0,False
2544.63,2544.63,0.0,False
6168.52,6168.52,0.0,False
2755.02,2755.02,0.0,False
4609.91,4609.91,0.0,False
2103.93,2103.93,0.0,False
3630.99,3630.99,0.0,False
-1.0,-1.0,-0.0,False
-1.0,-1.0,-0.0,False
6281.49,6281.49,0.0,False
-1.0,-1.0,-0.0,False
7815.27,7815.27,0.0,False
9905.85,-1.0,100.0,False
7110.99,7110.99,0.0,False
5145.38,5145.38,0.0,False
2919.25,2919.25,0.0,False
7551.54,7551.54,0.0,False
7485.9,7485.9,0.0,False
1299.7,1299.7,0.0,False
2872.47,2872.47,0.0,False
9620.57,9620.57,0.0,False
-1.0,-1.0,-0.0,False
6910.06,6910.06,0.0,False
4503.86,4503.86,0.0,False
2598.11,2598.11,0.0,False
-1.0,-1.0,-0.0,False
6453.87,6453.87,0.0,False
5140.6,5140.6,0.0,False
4979.41,4979.41,0.0,False
-1.0,-1.0,-0.0,False
1534.41,1534.41,0.0,False
4721.86,4721.86,0.0,False
6357.08,6357.08,0.0,False
5796.71,5796.71,0.0,False
10351.97,-1.0,100.0,False
4502.88,4502.88,0.0,False
3658.58,3658.58,0.0,False
7170.44,-1.0,100.0,False
4616.74,4616.74,0.0,False
-1.0,-1.0,-0.0,False
1366.54,1366.54,0.0,False
4537.54,4537.54,0.0,False
8609.27,8609.27,0.0,False
-1.0,-1.0,-0.0,False
5934.91,5934.91,0.0,False
6774.33,6774.33,0.0,False
4504.85,4504.85,0.0,False
6609.02,-1.0,100.0,False
5745.76,5745.76,0.0,False
9596.92,-1.0,100.0,False
2617.36,2617.36,0.0,False
4869.36,4869.36,0.0,False
-1.0,-1.0,-0.0,False
5796.69,5796.69,0.0,False
4990.07,4990.07,0.0,False
3245.55,3245.55,0.0,False
3450.5,3450.5,0.0,False
7046.24,7046.24,0.0,False
2618.79,2618.79,0.0,False
1581.04,1581.04,0.0,False
5101.93,5101.93,0.0,False
-1.0,-1.0,-0.0,False
3920.13,3920.13,0.0,False
5345.38,5345.38,0.0,False
7054.88,7054.88,0.0,False
6430.21,-1.0,100.0,False
5464.89,5464.89,0.0,False
-1.0,-1.0,-0.0,False
-1.0,-1.0,-0.0,False
6252.17,6252.17,0.0,False
5759.77,5759.77,0.0,False
5249.91,5249.91,0.0,False
-1.0,-1.0,-0.0,False
7876.0,-1.0,100.0,False
5654.72,5654.72,0.0,False
8760.81,8760.81,0.0,False
1789.14,1789.14,0.0,False
-1.0,-1.0,-0.0,False
-1.0,-1.0,-0.0,False
6524.82,6524.82,0.0,False
2386.4,2386.4,0.0,False
2561.92,2561.92,0.0,False
2858.78,2858.78,0.0,False
630.42,630.42,0.0,False
4031.38,4031.38,0.0,False
-1.0,-1.0,-0.0,False
-1.0,-1.0,-0.0,False
2874.19,2874.19,0.0,False
7002.29,7002.29,0.0,False
4960.41,4960.41,0.0,False
4725.82,4725.82,0.0,False
8377.96,-1.0,100.0,False
-1.0,-1.0,-0.0,False
-1.0,-1.0,-0.0,False
7933.99,-1.0,100.0,False
4601.56,4601.56,0.0,False
1254.42,1254.42,0.0,False
7198.66,7198.66,0.0,False
1956.83,1956.83,0.0,False
8113.38,-1.0,100.0,False
-1.0,-1.0,-0.0,False
2697.99,2697.99,0.0,False
4428.31,4428.31,0.0,False
5952.11,5952.11,0.0,False
6751.28,6751.28,0.0,False
3558.03,3558.03,0.0,False
4216.02,4216.02,0.0,False
3498.77,3498.77,0.0,False
8367.03,-1.0,100.0,False
3606.69,3606.69,0.0,False
3145.43,3145.43,0.0,False
9210.04,-1.0,100.0,False
7082.27,-1.0,100.0,False
6694.12,6694.12,0.0,False
-1.0,-1.0,-0.0,False
4103.92,4103.92,0.0,False
3546.8,3546.8,0.0,False
3814.81,3814.81,0.0,False
6598.4,-1.0,100.0,False
7115.76,-1.0,100.0,False
6374.95,6374.95,0.0,False
11789.67,-1.0,100.0,False
1390.18,1390.18,0.0,False
7796.29,-1.0,100.0,False
1385.17,1385.17,0.0,False
6512.53,-1.0,100.0,False
-1.0,-1.0,-0.0,False
3670.63,3670.63,0.0,False
4734.65,4734.65,0.0,False
12586.36,12586.36,0.0,False
2600.09,2600.09,0.0,False
7197.31,-1.0,100.0,False
-1.0,-1.0,-0.0,False
3546.48,3546.48,0.0,False
7417.04,-1.0,100.0,False
10187.77,-1.0,100.0,False
5859.22,5859.22,0.0,False
6932.77,6932.77,0.0,False
3670.12,3670.12,0.0,False
6931.09,6931.09,0.0,False
3505.05,3505.05,0.0,False
8177.78,-1.0,100.0,False
7850.97,7850.97,0.0,False
3134.96,3134.96,0.0,False
3048.86,3048.86,0.0,False
4585.0,4585.0,0.0,False
2331.64,2331.64,0.0,False
5568.55,5568.55,0.0,False
3922.54,3922.54,0.0,False
4948.85,4948.85,0.0,False
-1.0,-1.0,-0.0,False
10336.9,-1.0,100.0,False
6914.47,-1.0,100.0,False
-1.0,-1.0,-0.0,False
6427.29,6427.29,0.0,False
3055.1,3055.1,0.0,False
4018.12,4018.12,0.0,False
6568.63,6568.63,0.0,False
5138.91,5138.91,0.0,False
5072.71,5072.71,0.0,False
6315.96,6315.96,0.0,False
5081.44,5081.44,0.0,False
-1.0,-1.0,-0.0,False
3916.85,3916.85,0.0,False
5740.41,5740.41,0.0,False
2489.89,2489.89,0.0,False
6109.81,6109.81,0.0,False
8355.52,-1.0,100.0,False
9403.84,-1.0,100.0,False
-1.0,-1.0,-0.0,False
-1.0,-1.0,-0.0,False
8407.55,-1.0,100.0,False
2816.72,2816.72,0.0,False
-1.0,-1.0,-0.0,False
4920.91,4920.91,0.0,False
2895.02,2895.02,0.0,False
3744.78,3744.78,0.0,False
-1.0,-1.0,-0.0,False
6492.36,6492.36,0.0,False
3853.22,3853.22,0.0,False
8528.63,8528.63,0.0,False
-1.0,-1.0,-0.0,False
5745.72,5745.72,0.0,False
4165.16,4165.16,0.0,False
6877.63,6877.63,0.0,False
4396.44,4396.44,0.0,False
7576.24,7576.24,0.0,False
-1.0,-1.0,-0.0,False
-1.0,-1.0,-0.0,False
-1.0,-1.0,-0.0,False
2646.58,2646.58,0.0,False
6556.65,6556.65,0.0,False
1134.1,1134.1,0.0,False
4887.9,4887.9,0.0,False
7352.69,7352.69,0.0,False
540.17,540.17,0.0,False
4652.27,4652.27,0.0,False
3261.12,3261.12,0.0,False
3818.29,3818.29,0.0,False
2519.98,2519.98,0.0,False
-1.0,-1.0,-0.0,False
6634.75,-1.0,100.0,False
9913.93,-1.0,100.0,False
5218.82,5218.82,0.0,False
-1.0,-1.0,-0.0,False
7794.37,7794.37,0.0,False
5591.61,5591.61,0.0,False
5367.17,5367.17,0.0,False
-1.0,-1.0,-0.0,False
4237.41,4237.41,0.0,False
1020.56,1020.56,0.0,False
7207.74,-1.0,100.0,False
2053.96,2053.96,0.0,False
7642.53,-1.0,100.0,False
-1.0,-1.0,-0.0,False
3663.8,3663.8,0.0,False
5781.38,5781.38,0.0,False
5899.96,5899.96,0.0,False
-1.0,-1.0,-0.0,False
4889.1,4889.1,0.0,False
1753.03,1753.03,0.0,False
2434.78,2434.78,0.0,False
1318.98,1318.98,0.0,False
-1.0,-1.0,-0.0,False
3895.91,3895.91,0.0,False
5185.51,-1.0,100.0,False
6931.24,-1.0,100.0,False
3340.13,3340.13,0.0,False
4981.04,4981.04,0.0,False
5954.09,5954.09,0.0,False
-1.0,-1.0,-0.0,False
3508.9,3508.9,0.0,False
-1.0,-1.0,-0.0,False
5772.17,5772.17,0.0,False
8050.94,-1.0,100.0,False
-1.0,-1.0,-0.0,False
4973.49,4973.49,0.0,False
9910.45,-1.0,100.0,False
2263.07,2263.07,0.0,False
-1.0,-1.0,-0.0,False
8332.67,-1.0,100.0,False
-1.0,-1.0,-0.0,False
6232.85,6232.85,0.0,False
2912.41,2912.41,0.0,False
4741.39,4741.39,0.0,False
6602.19,6602.19,0.0,False
-1.0,-1.0,-0.0,False
11227.77,-1.0,100.0,False
-1.0,-1.0,-0.0,False
4316.75,4316.75,0.0,False
7393.46,7393.46,0.0,False
4803.11,4803.11,0.0,False
2656.91,2656.91,0.0,False
3618.91,3618.91,0.0,False
1348.12,1348.12,0.0,False
10153.03,10153.03,0.0,False
5587.94,5587.94,0.0,False
5611.51,5611.51,0.0,False
-1.0,-1.0,-0.0,False
4844.27,4844.27,0.0,False
3851.54,3851.54,0.0,False
1093.21,1093.21,0.0,False
-1.0,-1.0,-0.0,False
-1.0,-1.0,-0.0,False
9546.61,-1.0,100.0,False
7867.58,-1.0,100.0,False
-1.0,-1.0,-0.0,False
-1.0,-1.0,-0.0,False
5321.98,5321.98,0.0,False
-1.0,-1.0,-0.0,False
8647.16,-1.0,100.0,False
-1.0,-1.0,-0.0,False
4313.3,4313.3,0.0,False
2836.42,2836.42,0.0,False
1500.78,1500.78,0.0,False
4328.99,4328.99,0.0,False
8953.96,-1.0,100.0,False
6046.87,-1.0,100.0,False
5935.9,5935.9,0.0,False
3017.29,3017.29,0.0,False
-1.0,-1.0,-0.0,False
1868.7,1868.7,0.0,False
-1.0,-1.0,-0.0,False
-1.0,-1.0,-0.0,False
-1.0,-1.0,-0.0,False
4138.98,4138.98,0.0,False
3003.75,3003.75,0.0,False
5492.99,5492.99,0.0,False
11244.94,-1.0,100.0,False
6045.07,6045.07,0.0,False
6619.96,-1.0,100.0,False
2998.41,2998.41,0.0,False
1414.37,1414.37,0.0,False
-1.0,-1.0,-0.0,False
6450.64,6450.64,0.0,False
8118.94,8118.94,0.0,False
-1.0,-1.0,-0.0,False
4032.43,4032.43,0.0,False
5186.89,5186.89,0.0,False
4916.66,4916.66,0.0,False
3852.63,3852.63,0.0,False
2730.75,2730.75,0.0,False
2752.9,2752.9,0.0,False
2785.1,2785.1,0.0,False
5035.12,5035.12,0.0,False
3741.58,3741.58,0.0,False
4578.45,4578.45,0.0,False
3698.13,3698.13,0.0,False
4207.21,4207.21,0.0,False
-1.0,-1.0,-0.0,False
3695.5,3695.5,0.0,False
-1.0,-1.0,-0.0,False
3415.82,3415.82,0.0,False
-1.0,-1.0,-0.0,False
9306.71,-1.0,100.0,False
6026.87,6026.87,0.0,False
-1.0,-1.0,-0.0,False
-1.0,-1.0,-0.0,False
8002.33,8002.33,0.0,False
-1.0,-1.0,-0.0,False
1476.35,1476.35,0.0,False
10629.17,-1.0,100.0,False
6962.36,-1.0,100.0,False
10418.59,-1.0,100.0,False
10233.81,-1.0,100.0,False
7106.19,-1.0,100.0,False
5023.95,5023.95,0.0,False
-1.0,-1.0,-0.0,False
-1.0,-1.0,-0.0,False
-1.0,-1.0,-0.0,False
3668.35,3668.35,0.0,False
1951.5,1951.5,0.0,False
5355.4,5355.4,0.0,False
7839.62,-1.0,100.0,False
8921.51,-1.0,100.0,False
1741.51,1741.51,0.0,False
-1.0,-1.0,-0.0,False
5775.13,5775.13,0.0,False
2370.78,2370.78,0.0,False
3652.94,3652.94,0.0,False
-1.0,-1.0,-0.0,False
8588.65,8588.65,0.0,False
3825.57,3825.57,0.0,False
5404.01,5404.01,0.0,False
2244.36,2244.36,0.0,False
4154.38,4154.38,0.0,False
4729.01,4729.01,0.0,False
6081.59,6081.59,0.0,False
-1.0,-1.0,-0.0,False
5923.37,5923.37,0.0,False
3020.43,3020.43,0.0,False
5788.41,5788.41,0.0,False
5781.05,5781.05,0.0,False
-1.0,-1.0,-0.0,False
3985.04,3985.04,0.0,False
3137.44,3137.44,0.0,False
5362.74,5362.74,0.0,False
3575.32,3575.32,0.0,False
10960.24,-1.0,100.0,False
1290.21,1290.21,0.0,False
-1.0,-1.0,-0.0,False
12570.22,-1.0,100.0,False
-1.0,-1.0,-0.0,False
-1.0,-1.0,-0.0,False
-1.0,-1.0,-0.0,False
3942.62,3942.62,0.0,False
3445.36,3445.36,0.0,False
3978.88,3978.88,0.0,False
3384.09,3384.09,0.0,False
6165.28,6165.28,0.0,False
6130.52,6130.52,0.0,False
3894.4,3894.4,0.0,False
3072.03,3072.03,0.0,False
5154.98,5154.98,0.0,False
4586.0,4586.0,0.0,False
-1.0,-1.0,-0.0,False
5826.6,5826.6,0.0,False
4829.75,4829.75,0.0,False
-1.0,-1.0,-0.0,False
2044.25,2044.25,0.0,False
2099.65,2099.65,0.0,False
-1.0,-1.0,-0.0,False
4742.74,4742.74,0.0,False
8708.0,-1.0,100.0,False
1693.06,1693.06,0.0,False
3913.03,3913.03,0.0,False
8167.56,-1.0,100.0,False
2880.66,2880.66,0.0,False
5073.87,5073.87,0.0,False
6269.0,6269.0,0.0,False
9019.8,-1.0,100.0,False
8438.76,8438.76,0.0,False
3649.56,3649.56,0.0,False
8245.97,8245.97,0.0,False
4886.52,-1.0,100.0,False
-1.0,-1.0,-0.0,False
11944.5,-1.0,100.0,False
3661.92,3661.92,0.0,False
7237.63,-1.0,100.0,False
-1.0,-1.0,-0.0,False
6680.17,-1.0,100.0,False
-1.0,-1.0,-0.0,False
2543.31,2543.31,0.0,False
5597.26,5597.26,0.0,False
-1.0,-1.0,-0.0,False
-1.0,-1.0,-0.0,False
-1.0,-1.0,-0.0,False
7132.4,7132.4,0.0,False
5620.68,5620.68,0.0,False
5421.37,5421.37,0.0,False
7504.0,-1.0,100.0,False
5620.51,5620.51,0.0,False
5193.73,5193.73,0.0,False
8889.98,8889.98,0.0,False
846.03,846.03,0.0,False
-1.0,-1.0,-0.0,False
1832.0,1832.0,0.0,False
4607.47,4607.47,0.0,False
4987.84,4987.84,0.0,False
9815.84,-1.0,100.0,False
7880.17,7880.17,0.0,False
6098.43,6098.43,0.0,False
1590.75,1590.75,0.0,False
254.98,254.98,0.0,False
6475.91,6475.91,0.0,False
-1.0,-1.0,-0.0,False
-1.0,-1.0,-0.0,False
4467.67,4467.67,0.0,False
6497.53,-1.0,100.0,False
2711.18,2711.18,0.0,False
-1.0,-1.0,-0.0,False
3922.15,3922.15,0.0,False
7430.8,-1.0,100.0,False
6705.01,6705.01,0.0,False
103.17,103.17,0.0,False
4303.61,4303.61,0.0,False
7681.27,7681.27,0.0,False
5582.41,5582.41,0.0,False
-1.0,-1.0,-0.0,False
-1.0,-1.0,-0.0,False
-1.0,-1.0,-0.0,False
-1.0,-1.0,-0.0,False
-1.0,-1.0,-0.0,False
-1.0,-1.0,-0.0,False
2089.11,2089.11,0.0,False
-1.0,-1.0,-0.0,False
4984.48,4984.48,0.0,False
3804.06,3804.06,0.0,False
3267.8,3267.8,0.0,False
3847.23,3847.23,0.0,False
7681.12,7681.12,0.0,False
11352.85,-1.0,100.0,False
6129.8,6129.8,0.0,False
-1.0,-1.0,-0.0,False
4455.95,4455.95,0.0,False
6500.33,-1.0,100.0,False
10219.9,-1.0,100.0,False
-1.0,-1.0,-0.0,False
2575.67,2575.67,0.0,False
5899.18,5899.18,0.0,False
1917.89,1917.89,0.0,False
1456.58,1456.58,0.0,False
8991.12,-1.0,100.0,False
10024.29,-1.0,100.0,False
2182.16,2182.16,0.0,False
4079.12,4079.12,0.0,False
12099.43,-1.0,100.0,False
4448.92,4448.92,0.0,False
6564.54,6564.54,0.0,False
2929.92,2929.92,0.0,False
-1.0,-1.0,-0.0,False
4281.04,4281.04,0.0,False
5836.6,5836.6,0.0,False
1600.57,1600.57,0.0,False
5421.88,5421.88,0.0,False
5634.34,5634.34,0.0,False
5336.64,5336.64,0.0,False
4142.49,4142.49,0.0,False
3359.88,3359.88,0.0,False
2537.34,2537.34,0.0,False
3008.54,3008.54,0.0,False
5505.9,5505.9,0.0,False
2974.4,2974.4,0.0,False
2769.5,2769.5,0.0,False
6326.64,6326.64,0.0,False
5018.19,5018.19,0.0,False
6843.75,6843.75,0.0,False
1894.51,1894.51,0.0,False
-1.0,-1.0,-0.0,False
7757.95,-1.0,100.0,False
2839.9,2839.9,0.0,False
10091.09,-1.0,100.0,False
5721.15,5721.15,0.0,False
7412.61,7412.61,0.0,False
3017.35,3017.35,0.0,False
5189.92,5189.92,0.0,False
3002.88,3002.88,0.0,False
-1.0,-1.0,-0.0,False
1900.69,1900.69,0.0,False
4618.01,4618.01,0.0,False
-1.0,-1.0,-0.0,False
5540.63,5540.63,0.0,False
-1.0,-1.0,-0.0,False
5341.96,5341.96,0.0,False
4178.95,4178.95,0.0,False
7148.74,-1.0,100.0,False
8420.33,-1.0,100.0,False
6408.59,6408.59,0.0,False
4355.18,4355.18,0.0,False
-1.0,-1.0,-0.0,False
-1.0,-1.0,-0.0,False
2726.21,2726.21,0.0,False
5087.22,5087.22,0.0,False
1517.93,1517.93,0.0,False
6527.73,-1.0,100.0,False
-1.0,-1.0,-0.0,False
-1.0,-1.0,-0.0,False
4722.62,4722.62,0.0,False
-1.0,-1.0,-0.0,False
3417.89,3417.89,0.0,False
3357.95,3357.95,0.0,False
-1.0,-1.0,-0.0,False
-1.0,-1.0,-0.0,False
-1.0,-1.0,-0.0,False
2912.4,2912.4,0.0,False
7745.61,7745.61,0.0,False
6341.25,6341.25,0.0,False
3753.0,3753.0,0.0,False
-1.0,-1.0,-0.0,False
7628.02,-1.0,100.0,False
2893.06,2893.06,0.0,False
-1.0,-1.0,-0.0,False
4408.5,4408.5,0.0,False
5365.02,5365.02,0.0,False
4838.33,4838.33,0.0,False
6231.19,-1.0,100.0,False
5786.22,5786.22,0.0,False
6729.78,6729.78,0.0,False
4441.96,4441.96,0.0,False
6597.49,6597.49,0.0,False
3726.44,3726.44,0.0,False
-1.0,-1.0,-0.0,False
2920.16,2920.16,0.0,False
1685.95,1685.95,0.0,False
2662.05,2662.05,0.0,False
4894.74,4894.74,0.0,False
6768.36,-1.0,100.0,False
-1.0,-1.0,-0.0,False
1747.46,1747.46,0.0,False
6421.18,6421.18,0.0,False
8868.38,-1.0,100.0,False
2483.9,2483.9,0.0,False
7756.51,7756.51,0.0,False
7775.23,-1.0,100.0,False
-1.0,-1.0,-0.0,False
5348.04,5348.04,0.0,False
5438.24,5438.24,0.0,False
1708.78,1708.78,0.0,False
11476.06,-1.0,100.0,False
3313.86,3313.86,0.0,False
3765.28,3765.28,0.0,False
1251.5,1251.5,0.0,False
2573.1,2573.1,0.0,False
4246.78,4246.78,0.0,False
4589.67,4589.67,0.0,False
2168.74,2168.74,0.0,False
6458.2,6458.2,0.0,False
8317.05,-1.0,100.0,False
4317.46,4317.46,0.0,False
6950.6,-1.0,100.0,False
7294.09,-1.0,100.0,False
1444.07,1444.07,0.0,False
1977.91,1977.91,0.0,False
7061.23,7061.23,0.0,False
5959.17,5959.17,0.0,False
7641.36,7641.36,0.0,False
3707.88,3707.88,0.0,False
4930.49,4930.49,0.0,False
827.1,827.1,0.0,False
6876.46,6876.46,0.0,False
5271.45,5271.45,0.0,False
-1.0,-1.0,-0.0,False
9937.36,-1.0,100.0,False
-1.0,-1.0,-0.0,False
1578.42,1578.42,0.0,False
5291.75,5291.75,0.0,False
5034.65,5034.65,0.0,False
4822.32,4822.32,0.0,False
6988.86,6988.86,0.0,False
-1.0,-1.0,-0.0,False
4385.7,4385.7,0.0,False
7740.99,7740.99,0.0,False
8956.62,-1.0,100.0,False
5524.61,5524.61,0.0,False
2298.86,2298.86,0.0,False
12646.94,-1.0,100.0,False
7331.5,7331.5,0.0,False
5091.95,5091.95,0.0,False
7532.85,7532.85,0.0,False
7809.51,7809.51,0.0,False
-1.0,-1.0,-0.0,False
6080.79,6080.79,0.0,False
7691.76,7691.76,0.0,False
7449.11,-1.0,100.0,False
5969.34,5969.34,0.0,False
4122.6,4122.6,0.0,False
-1.0,-1.0,-0.0,False
-1.0,-1.0,-0.0,False
5844.12,5844.12,0.0,False
-1.0,-1.0,-0.0,False
6341.84,-1.0,100.0,False
3438.79,3438.79,0.0,False
10987.16,-1.0,100.0,False
1288.98,1288.98,0.0,False
10066.62,-1.0,100.0,False
5928.18,-1.0,100.0,False
6238.27,-1.0,100.0,False
8260.69,-1.0,100.0,False
10776.92,10776.92,0.0,False
4059.81,4059.81,0.0,False
4651.23,4651.23,0.0,False
5726.55,5726.55,0.0,False
4883.5,4883.5,0.0,False
5271.37,5271.37,0.0,False
5336.43,5336.43,0.0,False
4181.41,4181.41,0.0,False
6220.33,6220.33,0.0,False
6842.89,6842.89,0.0,False
2086.98,2086.98,0.0,False
7091.68,-1.0,100.0,False
1446.7,1446.7,0.0,False
6556.28,6556.28,0.0,False
-1.0,-1.0,-0.0,False
7108.68,-1.0,100.0,False
3684.52,3684.52,0.0,False
-1.0,-1.0,-0.0,False
7589.04,-1.0,100.0,False
1951.62,1951.62,0.0,False
-1.0,-1.0,-0.0,False
9115.91,-1.0,100.0,False
6652.79,-1.0,100.0,False
3590.9,3590.9,0.0,False
1327.99,1327.99,0.0,False
7686.04,7686.04,0.0,False
3499.0,3499.0,0.0,False
4771.79,4771.79,0.0,False
6400.39,6400.39,0.0,False
3735.74,3735.74,0.0,False
4633.19,4633.19,0.0,False
6977.26,-1.0,100.0,False
-1.0,-1.0,-0.0,False
-1.0,-1.0,-0.0,False
1099.76,1099.76,0.0,False
4308.45,4308.45,0.0,False
3206.75,3206.75,0.0,False
5036.38,5036.38,0.0,False
8246.23,8246.23,0.0,False
-1.0,-1.0,-0.0,False
1432.43,1432.43,0.0,False
2430.48,2430.48,0.0,False
-1.0,-1.0,-0.0,False
-1.0,-1.0,-0.0,False
5465.04,5465.04,0.0,False
3410.64,3410.64,0.0,False
7582.57,-1.0,100.0,False
5251.36,5251.36,0.0,False
7581.94,7581.94,0.0,False
7715.64,-1.0,100.0,False
-1.0,-1.0,-0.0,False
6316.54,6316.54,0.0,False
9297.92,9297.92,0.0,False
-1.0,-1.0,-0.0,False
-1.0,-1.0,-0.0,False
3375.57,3375.57,0.0,False
9806.32,-1.0,100.0,False
-1.0,-1.0,-0.0,False
7000.08,7000.08,0.0,False
3458.65,3458.65,0.0,False
3292.72,3292.72,0.0,False
5198.9,5198.9,0.0,False
4610.56,4610.56,0.0,False
-1.0,-1.0,-0.0,False
6704.16,6704.16,0.0,False
-1.0,-1.0,-0.0,False
-1.0,-1.0,-0.0,False
4588.61,4588.61,0.0,False
2373.53,2373.53,0.0,False
8301.32,8301.32,0.0,False
3520.16,3520.16,0.0,False
7604.61,7604.61,0.0,False
-1.0,-1.0,-0.0,False
-1.0,-1.0,-0.0,False
5611.18,5611.18,0.0,False
4399.62,4399.62,0.0,False
2148.81,2148.81,0.0,False
10696.14,-1.0,100.0,False
10091.97,-1.0,100.0,False
-1.0,-1.0,-0.0,False
7539.87,-1.0,100.0,False
6002.84,-1.0,100.0,False
10108.99,-1.0,100.0,False
816.97,816.97,0.0,False
-1.0,-1.0,-0.0,False
1461.23,1461.23,0.0,False
-1.0,-1.0,-0.0,False
8312.51,8312.51,0.0,False
-1.0,-1.0,-0.0,False
5522.18,5522.18,0.0,False
876.79,876.79,0.0,False
1887.07,1887.07,0.0,False
3361.64,3361.64,0.0,False
7204.74,7204.74,0.0,False
3027.33,3027.33,0.0,False
5903.97,5903.97,0.0,False
10577.81,10577.81,0.0,False
259.2,259.2,0.0,False
-1.0,-1.0,-0.0,False
-1.0,-1.0,-0.0,False
5931.2,5931.2,0.0,False
6512.59,6512.59,0.0,False
-1.0,-1.0,-0.0,False
-1.0,-1.0,-0.0,False
4302.04,4302.04,0.0,False
5737.18,5737.18,0.0,False
-1.0,-1.0,-0.0,False
-1.0,-1.0,-0.0,False
3186.0,3186.0,0.0,False
9702.99,-1.0,100.0,False
8004.65,-1.0,100.0,False
-1.0,-1.0,-0.0,False
2031.68,2031.68,0.0,False
3168.33,3168.33,0.0,False
4070.39,4070.39,0.0,False
3510.35,3510.35,0.0,False
8855.35,8855.35,0.0,False
9646.32,9646.32,0.0,False
3198.4,3198.4,0.0,False
-1.0,-1.0,-0.0,False
3297.04,3297.04,0.0,False
6754.93,6754.93,0.0,False
5275.42,5275.42,0.0,False
9152.13,9152.13,0.0,False
7014.53,-1.0,100.0,False
-1.0,-1.0,-0.0,False
6900.32,6900.32,0.0,False
9340.71,9340.71,0.0,False
5093.72,-1.0,100.0,False
3367.1,3367.1,0.0,False
4020.68,4020.68,0.0,False
9724.37,-1.0,100.0,False
3276.62,3276.62,0.0,False
8224.08,-1.0,100.0,False
10186.62,-1.0,100.0,False
1837.3,1837.3,0.0,False
2038.08,2038.08,0.0,False
8262.05,-1.0,100.0,False
8139.5,-1.0,100.0,False
3301.9,3301.9,0.0,False
-1.0,-1.0,-0.0,False
-1.0,-1.0,-0.0,False
5447.05,5447.05,0.0,False
5613.86,5613.86,0.0,False
8914.14,-1.0,100.0,False
5567.93,5567.93,0.0,False
6634.37,-1.0,100.0,False
5811.15,5811.15,0.0,False
6465.22,6465.22,0.0,False
-1.0,-1.0,-0.0,False
5297.31,5297.31,0.0,False
7811.81,7811.81,0.0,False
5971.45,5971.45,0.0,False
8663.79,-1.0,100.0,False
10985.92,-1.0,100.0,False
6418.11,6418.11,0.0,False
3357.13,3357.13,0.0,False
2401.66,2401.66,0.0,False
-1.0,-1.0,-0.0,False
1362.64,1362.64,0.0,False
4704.21,4704.21,0.0,False
-1.0,-1.0,-0.0,False
-1.0,-1.0,-0.0,False
12239.14,-1.0,100.0,False
388.14,388.14,0.0,False
2651.06,2651.06,0.0,False
8590.9,-1.0,100.0,False
-1.0,-1.0,-0.0,False
7436.35,7436.35,0.0,False
5835.9,5835.9,0.0,False
7727.25,-1.0,100.0,False
-1.0,-1.0,-0.0,False
-1.0,-1.0,-0.0,False
4648.31,4648.31,0.0,False
3024.55,3024.55,0.0,False
3420.92,3420.92,0.0,False
675.27,675.27,0.0,False
6233.78,-1.0,100.0,False
6522.21,6522.21,0.0,False
11233.87,-1.0,100.0,False
4893.12,4893.12,0.0,False
5112.52,5112.52,0.0,False
10598.69,-1.0,100.0,False
-1.0,-1.0,-0.0,False
6191.11,-1.0,100.0,False
2071.19,2071.19,0.0,False
5407.51,5407.51,0.0,False
3835.62,3835.62,0.0,False
7058.41,7058.41,0.0,False
1210.88,1210.88,0.0,False
-1.0,-1.0,-0.0,False
5103.3,5103.3,0.0,False
8901.3,8901.3,0.0,False
-1.0,-1.0,-0.0,False
4403.02,4403.02,0.0,False
-1.0,-1.0,-0.0,False
3864.94,3864.94,0.0,False
-1.0,-1.0,-0.0,False
-1.0,-1.0,-0.0,False
4419.68,4419.68,0.0,False
2272.62,2272.62,0.0,False
3086.69,3086.69,0.0,False
4621.26,4621.26,0.0,False
6086.84,6086.84,0.0,False
7144.2,-1.0,100.0,False
5864.42,5864.42,0.0,False
4145.29,4145.29,0.0,False
4739.45,4739.45,0.0,False
5596.3,5596.3,0.0,False
5821.22,5821.22,0.0,False
-1.0,-1.0,-0.0,False
3895.42,3895.42,0.0,False
6073.73,6073.73,0.0,False
4137.14,4137.14,0.0,False
-1.0,-1.0,-0.0,False
4401.19,4401.19,0.0,False
-1.0,-1.0,-0.0,False
4003.42,4003.42,0.0,False
-1.0,-1.0,-0.0,False
2630.29,2630.29,0.0,False
2855.8,2855.8,0.0,False
-1.0,-1.0,-0.0,False
6903.71,6903.71,0.0,False
7415.56,-1.0,100.0,False
5248.6,5248.6,0.0,False
4118.15,4118.15,0.0,False
8442.82,-1.0,100.0,False
-1.0,-1.0,-0.0,False
3121.16,3121.16,0.0,False
5880.52,5880.52,0.0,False
-1.0,-1.0,-0.0,False
5634.24,5634.24,0.0,False
-1.0,-1.0,-0.0,False
1712.09,1712.09,0.0,False
1754.63,1754.63,0.0,False
3963.18,3963.18,0.0,False
3407.01,3407.01,0.0,False
4765.48,4765.48,0.0,False
-1.0,-1.0,-0.0,False
6157.14,6157.14,0.0,False
4961.09,4961.09,0.0,False
6044.18,6044.18,0.0,False
-1.0,-1.0,-0.0,False
4651.33,4651.33,0.0,False
6342.35,6342.35,0.0,False
-1.0,-1.0,-0.0,False
6787.22,6787.22,0.0,False
3494.48,3494.48,0.0,False
-1.0,-1.0,-0.0,False
8770.71,8770.71,0.0,False
3926.97,3926.97,0.0,False
4481.4,4481.4,0.0,False
1198.38,1198.38,0.0,False
-1.0,-1.0,-0.0,False
8424.09,8424.09,0.0,False
1968.66,1968.66,0.0,False
-1.0,-1.0,-0.0,False
4123.24,4123.24,0.0,False
7052.36,7052.36,0.0,False
-1.0,-1.0,-0.0,False
-1.0,-1.0,-0.0,False
2181.64,2181.64,0.0,False
2376.15,2376.15,0.0,False
1343.16,1343.16,0.0,False
5118.16,5118.16,0.0,False
7782.19,-1.0,100.0,False
-1.0,-1.0,-0.0,False
-1.0,-1.0,-0.0,False
6055.55,6055.55,0.0,False
8018.03,8018.03,0.0,False
5928.32,5928.32,0.0,False
-1.0,-1.0,-0.0,False
-1.0,-1.0,-0.0,False
3264.02,3264.02,0.0,False
8128.31,8128.31,0.0,False
-1.0,-1.0,-0.0,False
6188.41,6188.41,0.0,False
-1.0,-1.0,-0.0,False
6822.03,6822.03,0.0,False
4629.97,4629.97,0.0,False
5098.89,5098.89,0.0,False
4121.14,4121.14,0.0,False
5050.22,5050.22,0.0,False
5729.34,5729.34,0.0,False
2789.45,2789.45,0.0,False
3773.69,3773.69,0.0,False
2706.31,2706.31,0.0,False
5041.94,5041.94,0.0,False
1267.94,1267.94,0.0,False
6511.88,6511.88,0.0,False
3611.51,3611.51,0.0,False
-1.0,-1.0,-0.0,False
3995.88,3995.88,0.0,False
4151.89,4151.89,0.0,False
3364.32,3364.32,0.0,False
2313.78,2313.78,0.0,False
5462.87,5462.87,0.0,False
10815.1,-1.0,100.0,False
6436.02,6436.02,0.0,False
5407.82,5407.82,0.0,False
1030.95,1030.95,0.0,False
-1.0,-1.0,-0.0,False
6737.15,-1.0,100.0,False
2887.91,2887.91,0.0,False
2928.82,2928.82,0.0,False
1433.79,1433.79,0.0,False
-1.0,-1.0,-0.0,False
5251.58,5251.58,0.0,False
4848.07,4848.07,0.0,False
-1.0,-1.0,-0.0,False
5165.82,5165.82,0.0,False
3040.74,3040.74,0.0,False
8485.92,-1.0,100.0,False
4752.14,4752.14,0.0,False
7027.27,-1.0,100.0,False
2818.86,2818.86,0.0,False
-1.0,-1.0,-0.0,False
-1.0,-1.0,-0.0,False
-1.0,-1.0,-0.0,False
4294.64,4294.64,0.0,False
-1.0,-1.0,-0.0,False
-1.0,-1.0,-0.0,False
-1.0,-1.0,-0.0,False
5871.47,5871.47,0.0,False
4541.55,4541.55,0.0,False
6426.13,-1.0,100.0,False
-1.0,-1.0,-0.0,False
9662.71,-1.0,100.0,False
3743.21,3743.21,0.0,False
-1.0,-1.0,-0.0,False
5770.98,5770.98,0.0,False
4796.31,4796.31,0.0,False
-1.0,-1.0,-0.0,False
6874.91,6874.91,0.0,False
-1.0,-1.0,-0.0,False
2105.98,2105.98,0.0,False
-1.0,-1.0,-0.0,False
123.99,123.99,0.0,False
3795.35,3795.35,0.0,False
3896.1,3896.1,0.0,False
928.38,928.38,0.0,False
2264.77,2264.77,0.0,False
4828.22,4828.22,0.0,False
1022.14,1022.14,0.0,False
3356.71,3356.71,0.0,False
4832.03,4832.03,0.0,False
-1.0,-1.0,-0.0,False
4940.93,4940.93,0.0,False
5611.91,5611.91,0.0,False
-1.0,-1.0,-0.0,False
-1.0,-1.0,-0.0,False
4035.14,4035.14,0.0,False
6527.7,6527.7,0.0,False
-1.0,-1.0,-0.0,False
9704.45,-1.0,100.0,False
2519.91,2519.91,0.0,False
5458.3,5458.3,0.0,False
1740.15,1740.15,0.0,False
5328.89,5328.89,0.0,False
11144.53,-1.0,100.0,False
5279.96,5279.96,0.0,False
2796.41,2796.41,0.0,False
-1.0,-1.0,-0.0,False
2376.11,2376.11,0.0,False
-1.0,-1.0,-0.0,False
883.14,883.14,0.0,False
10832.8,-1.0,100.0,False
4109.3,4109.3,0.0,False
-1.0,-1.0,-0.0,False
4767.29,4767.29,0.0,False
-1.0,-1.0,-0.0,False
3119.08,3119.08,0.0,False
2249.94,2249.94,0.0,False
7943.15,-1.0,100.0,False
1319.08,1319.08,0.0,False
10853.75,10853.75,0.0,False
-1.0,-1.0,-0.0,False
6371.99,6371.99,0.0,False
6353.94,6353.94,0.0,False
6295.61,6295.61,0.0,False
4402.12,4402.12,0.0,False
4937.28,4937.28,0.0,False
-1.0,-1.0,-0.0,False
-1.0,-1.0,-0.0,False
3025.6,3025.6,0.0,False
-1.0,-1.0,-0.0,False
7709.24,-1.0,100.0,False
5991.99,5991.99,0.0,False
1510.94,1510.94,0.0,False
4205.31,4205.31,0.0,False
-1.0,-1.0,-0.0,False
-1.0,-1.0,-0.0,False
6536.91,6536.91,0.0,False
6373.0,6373.0,0.0,False
5642.94,5642.94,0.0,False
1999.03,1999.03,0.0,False
3246.04,3246.04,0.0,False
2940.57,2940.57,0.0,False
2450.23,2450.23,0.0,False
11449.87,-1.0,100.0,False
-1.0,-1.0,-0.0,False
-1.0,-1.0,-0.0,False
5848.61,5848.61,0.0,False
5790.56,5790.56,0.0,False
12685.38,-1.0,100.0,False
4219.53,4219.53,0.0,False
5627.98,5627.98,0.0,False
5930.9,5930.9,0.0,False
1835.6,1835.6,0.0,False
7684.74,7684.74,0.0,False
-1.0,-1.0,-0.0,False
1028.11,1028.11,0.0,False
5422.72,5422.72,0.0,False
-1.0,-1.0,-0.0,False
2424.84,2424.84,0.0,False
3610.0,3610.0,0.0,False
1074.38,1074.38,0.0,False
6116.85,-1.0,100.0,False
6892.49,-1.0,100.0,False
2384.01,2384.01,0.0,False
5807.6,5807.6,0.0,False
3581.54,3581.54,0.0,False
645.51,645.51,0.0,False
7430.42,-1.0,100.0,False
3807.72,3807.72,0.0,False
8704.46,-1.0,100.0,False
6572.91,6572.91,0.0,False
5806.1,5806.1,0.0,False
969.89,969.89,0.0,False
-1.0,-1.0,-0.0,False
-1.0,-1.0,-0.0,False
4294.25,4294.25,0.0,False
-1.0,-1.0,-0.0,False
4483.24,4483.24,0.0,False
4593.63,4593.63,0.0,False
2732.12,2732.12,0.0,False
5225.08,5225.08,0.0,False
3161.13,3161.13,0.0,False
7745.3,-1.0,100.0,False
4539.43,4539.43,0.0,False
-1.0,-1.0,-0.0,False
5193.58,5193.58,0.0,False
2762.97,2762.97,0.0,False
6175.63,6175.63,0.0,False
4082.99,4082.99,0.0,False
1662.89,1662.89,0.0,False
6431.26,6431.26,0.0,False
6813.11,-1.0,100.0,False
9225.82,-1.0,100.0,False
9572.62,-1.0,100.0,False
10250.01,-1.0,100.0,False
1722.58,1722.58,0.0,False
6454.62,6454.62,0.0,False
7239.84,-1.0,100.0,False
7655.72,7655.72,0.0,False
-1.0,-1.0,-0.0,False
7501.31,-1.0,100.0,False
-1.0,-1.0,-0.0,False
10409.54,-1.0,100.0,False
-1.0,-1.0,-0.0,False
-1.0,-1.0,-0.0,False
2772.04,2772.04,0.0,False
6220.31,6220.31,0.0,False
-1.0,-1.0,-0.0,False
2697.22,2697.22,0.0,False
7963.43,-1.0,100.0,False
-1.0,-1.0,-0.0,False
870.61,870.61,0.0,False
-1.0,-1.0,-0.0,False
4813.42,4813.42,0.0,False
1539.93,1539.93,0.0,False
10449.38,-1.0,100.0,False
3888.13,3888.13,0.0,False
7338.94,7338.94,0.0,False
-1.0,-1.0,-0.0,False
9213.3,-1.0,100.0,False
4617.9,4617.9,0.0,False
-1.0,-1.0,-0.0,False
4439.25,4439.25,0.0,False
-1.0,-1.0,-0.0,False
7505.24,-1.0,100.0,False
-1.0,-1.0,-0.0,False
4749.39,4749.39,0.0,False
6751.69,-1.0,100.0,False
2445.8,2445.8,0.0,False
6409.94,6409.94,0.0,False
-1.0,-1.0,-0.0,False
6392.97,6392.97,0.0,False
4688.89,4688.89,0.0,False
3888.49,3888.49,0.0,False
-1.0,-1.0,-0.0,False
1385.53,1385.53,0.0,False
8448.81,8448.81,0.0,False
3981.29,3981.29,0.0,False
8613.25,-1.0,100.0,False
-1.0,-1.0,-0.0,False
7165.42,-1.0,100.0,False
6335.49,6335.49,0.0,False
5662.47,5662.47,0.0,False
-1.0,-1.0,-0.0,False
6350.88,6350.88,0.0,False
8733.58,-1.0,100.0,False
6033.65,-1.0,100.0,False
6564.53,-1.0,100.0,False
6374.85,-1.0,100.0,False
5177.1,5177.1,0.0,False
7272.21,-1.0,100.0,False
4373.41,4373.41,0.0,False
1130.41,1130.41,0.0,False
6439.08,6439.08,0.0,False
-1.0,-1.0,-0.0,False
4349.87,4349.87,0.0,False
-1.0,-1.0,-0.0,False
11405.38,-1.0,100.0,False
1305.21,1305.21,0.0,False
-1.0,-1.0,-0.0,False
-1.0,-1.0,-0.0,False
-1.0,-1.0,-0.0,False
4278.93,4278.93,0.0,False
6625.96,6625.96,0.0,False
3891.97,3891.97,0.0,False
5890.06,5890.06,0.0,False
5003.01,5003.01,0.0,False
6952.72,6952.72,0.0,False
6538.15,6538.15,0.0,False
6691.57,6691.57,0.0,False
1441.17,1441.17,0.0,False
-1.0,-1.0,-0.0,False
7303.78,7303.78,0.0,False
-1.0,-1.0,-0.0,False
1320.31,1320.31,0.0,False
5038.64,5038.64,0.0,False
5533.77,5533.77,0.0,False
9366.64,-1.0,100.0,False
5804.28,-1.0,100.0,False
7217.16,-1.0,100.0,False
6156.28,-1.0,100.0,False
-1.0,-1.0,-0.0,False
8743.86,8743.86,0.0,False
4640.73,4640.73,0.0,False
334.68,334.68,0.0,False
-1.0,-1.0,-0.0,False
7642.74,7642.74,0.0,False
4929.04,4929.04,0.0,False
2481.16,2481.16,0.0,False
5237.65,5237.65,0.0,False
7755.28,7755.28,0.0,False
6877.46,6877.46,0.0,False
-1.0,-1.0,-0.0,False
5322.31,-1.0,100.0,False
5407.83,5407.83,0.0,False
1486.43,1486.43,0.0,False
7212.35,7212.35,0.0,False
-1.0,-1.0,-0.0,False
6009.92,6009.92,0.0,False
-1.0,-1.0,-0.0,False
4537.16,4537.16,0.0,False
4863.77,4863.77,0.0,False
3127.88,3127.88,0.0,False
5074.76,5074.76,0.0,False
6794.74,-1.0,100.0,False
3660.62,3660.62,0.0,False
5840.07,5840.07,0.0,False
3317.8,3317.8,0.0,False
-1.0,-1.0,-0.0,False
8977.35,8977.35,0.0,False
-1.0,-1.0,-0.0,False
-1.0,-1.0,-0.0,False
-1.0,-1.0,-0.0,False
3591.54,3591.54,0.0,False
8330.36,8330.36,0.0,False
5037.08,5037.08,0.0,False
898.51,898.51,0.0,False
-1.0,-1.0,-0.0,False
12436.13,-1.0,100.0,False
5937.33,5937.33,0.0,False
4974.67,4974.67,0.0,False
7611.04,7611.04,0.0,False
4086.29,4086.29,0.0,False
5710.71,5710.71,0.0,False
3961.23,3961.23,0.0,False
2384.21,2384.21,0.0,False
1532.23,1532.23,0.0,False
-1.0,-1.0,-0.0,False
4949.28,4949.28,0.0,False
2608.47,2608.47,0.0,False
-1.0,-1.0,-0.0,False
2753.22,2753.22,0.0,False
-1.0,-1.0,-0.0,False
7050.26,-1.0,100.0,False
6697.67,-1.0,100.0,False
8932.34,-1.0,100.0,False
-1.0,-1.0,-0.0,False
5127.26,5127.26,0.0,False
-1.0,-1.0,-0.0,False
-1.0,-1.0,-0.0,False
-1.0,-1.0,-0.0,False
4128.23,4128.23,0.0,False
-1.0,-1.0,-0.0,False
-1.0,-1.0,-0.0,False
1147.98,1147.98,0.0,False
-1.0,-1.0,-0.0,False
1731.65,1731.65,0.0,False
-1.0,-1.0,-0.0,False
4832.45,4832.45,0.0,False
785.78,785.78,0.0,False
2790.9,2790.9,0.0,False
8354.25,8354.25,0.0,False
4923.94,4923.94,0.0,False
4847.3,4847.3,0.0,False
6144.08,6144.08,0.0,False
2692.41,2692.41,0.0,False
7179.6,7179.6,0.0,False
-1.0,-1.0,-0.0,False
-1.0,-1.0,-0.0,False
3112.49,3112.49,0.0,False
471.87,471.87,0.0,False
5811.73,5811.73,0.0,False
3340.93,3340.93,0.0,False
1137.26,1137.26,0.0,False
-1.0,-1.0,-0.0,False
-1.0,-1.0,-0.0,False
4148.27,4148.27,0.0,False
5936.29,5936.29,0.0,False
-1.0,-1.0,-0.0,False
-1.0,-1.0,-0.0,False
-1.0,-1.0,-0.0,False
820.18,820.18,0.0,False
2756.3,2756.3,0.0,False
4288.14,4288.14,0.0,False
3598.17,3598.17,0.0,False
8500.58,-1.0,100.0,False
5001.9,5001.9,0.0,False
3073.46,3073.46,0.0,False
1127.61,1127.61,0.0,False
7478.12,7478.12,0.0,False
1171.37,1171.37,0.0,False
-1.0,-1.0,-0.0,False
3332.09,3332.09,0.0,False
7276.68,7276.68,0.0,False
2742.33,2742.33,0.0,False
-1.0,-1.0,-0.0,False
1774.09,1774.09,0.0,False
4661.78,4661.78,0.0,False
-1.0,-1.0,-0.0,False
5363.23,5363.23,0.0,False
-1.0,-1.0,-0.0,False
-1.0,-1.0,-0.0,False
-1.0,-1.0,-0.0,False
2671.38,2671.38,0.0,False
5790.19,5790.19,0.0,False
-1.0,-1.0,-0.0,False
-1.0,-1.0,-0.0,False
-1.0,-1.0,-0.0,False
-1.0,-1.0,-0.0,False
3551.39,3551.39,0.0,False
3949.53,3949.53,0.0,False
5887.59,5887.59,0.0,False
4408.47,4408.47,0.0,False
5023.75,5023.75,0.0,False
6611.1,6611.1,0.0,False
6687.21,6687.21,0.0,False
4956.19,4956.19,0.0,False
-1.0,-1.0,-0.0,False
3232.97,3232.97,0.0,False
11873.74,-1.0,100.0,False
6301.05,6301.05,0.0,False
-1.0,-1.0,-0.0,False
-1.0,-1.0,-0.0,False
2742.15,2742.15,0.0,False
1343.48,1343.48,0.0,False
-1.0,-1.0,-0.0,False
3644.11,3644.11,0.0,False
4463.49,4463.49,0.0,False
5098.55,5098.55,0.0,False
6994.64,6994.64,0.0,False
1606.93,1606.93,0.0,False
9978.76,-1.0,100.0,False
5508.92,5508.92,0.0,False
935.92,935.92,0.0,False
7470.02,7470.02,0.0,False
4119.06,4119.06,0.0,False
-1.0,-1.0,-0.0,False
6555.21,6555.21,0.0,False
9787.23,9787.23,0.0,False
-1.0,-1.0,-0.0,False
3663.29,3663.29,0.0,False
3076.26,3076.26,0.0,False
5062.55,5062.55,0.0,False
-1.0,-1.0,-0.0,False
6646.46,6646.46,0.0,False
2467.73,2467.73,0.0,False
4996.36,4996.36,0.0,False
8592.82,8592.82,0.0,False
5229.14,5229.14,0.0,False
7954.31,7954.31,0.0,False
-1.0,-1.0,-0.0,False
3993.3,3993.3,0.0,False
-1.0,-1.0,-0.0,False
2496.39,2496.39,0.0,False
4594.68,4594.68,0.0,False
4536.9,4536.9,0.0,False
-1.0,-1.0,-0.0,False
7283.44,-1.0,100.0,False
9978.53,-1.0,100.0,False
4017.9,4017.9,0.0,False
5479.62,5479.62,0.0,False
4529.28,4529.28,0.0,False
-1.0,-1.0,-0.0,False
1464.39,1464.39,0.0,False
-1.0,-1.0,-0.0,False
5470.44,5470.44,0.0,False
3754.97,3754.97,0.0,False
6639.76,6639.76,0.0,False
3633.22,3633.22,0.0,False
3901.57,3901.57,0.0,False
5869.65,5869.65,0.0,False
4631.18,4631.18,0.0,False
9908.68,9908.68,0.0,False
4267.56,4267.56,0.0,False
3337.24,3337.24,0.0,False
6678.34,6678.34,0.0,False
-1.0,-1.0,-0.0,False
8941.54,-1.0,100.0,False
-1.0,-1.0,-0.0,False
4499.89,4499.89,0.0,False
3957.21,3957.21,0.0,False
7308.78,-1.0,100.0,False
-1.0,-1.0,-0.0,False
-1.0,-1.0,-0.0,False
-1.0,-1.0,-0.0,False
-1.0,-1.0,-0.0,False
-1.0,-1.0,-0.0,False
7033.15,7033.15,0.0,False
4953.02,4953.02,0.0,False
-1.0,-1.0,-0.0,False
6688.64,-1.0,100.0,False
8812.63,-1.0,100.0,False
-1.0,-1.0,-0.0,False
5831.87,5831.87,0.0,False
3640.01,3640.01,0.0,False
-1.0,-1.0,-0.0,False
-1.0,-1.0,-0.0,False
2749.9,2749.9,0.0,False
4526.52,4526.52,0.0,False
9402.17,-1.0,100.0,False
5901.9,5901.9,0.0,False
-1.0,-1.0,-0.0,False
2020.71,2020.71,0.0,False
2863.05,2863.05,0.0,False
7038.08,7038.08,0.0,False
8094.37,-1.0,100.0,False
1347.4,1347.4,0.0,False
4056.95,4056.95,0.0,False
5665.25,5665.25,0.0,False
2693.03,2693.03,0.0,False
7565.75,7565.75,0.0,False
7962.96,7962.96,0.0,False
5383.87,5383.87,0.0,False
661.54,661.54,0.0,False
-1.0,-1.0,-0.0,False
-1.0,-1.0,-0.0,False
4889.69,4889.69,0.0,False
6173.94,6173.94,0.0,False
4767.74,4767.74,0.0,False
5019.21,5019.21,0.0,False
-1.0,-1.0,-0.0,False
1301.66,1301.66,0.0,False
-1.0,-1.0,-0.0,False
-1.0,-1.0,-0.0,False
3258.38,3258.38,0.0,False
4522.16,4522.16,0.0,False
3541.27,3541.27,0.0,False
6697.22,6697.22,0.0,False
4193.42,4193.42,0.0,False
4393.21,4393.21,0.0,False
7054.77,-1.0,100.0,False
7935.52,-1.0,100.0,False
-1.0,-1.0,-0.0,False
-1.0,-1.0,-0.0,False
-1.0,-1.0,-0.0,False
-1.0,-1.0,-0.0,False
4945.41,4945.41,0.0,False
-1.0,-1.0,-0.0,False
7790.65,-1.0,100.0,False
10448.22,-1.0,100.0,False
2627.68,2627.68,0.0,False
7167.71,7167.71,0.0,False
5856.49,5856.49,0.0,False
4233.71,4233.71,0.0,False
-1.0,-1.0,-0.0,False
5318.31,5318.31,0.0,False
7927.51,7927.51,0.0,False
-1.0,-1.0,-0.0,False
3767.16,3767.16,0.0,False
5197.43,5197.43,0.0,False
9609.67,-1.0,100.0,False
4965.73,4965.73,0.0,False
8231.19,8231.19,0.0,False
6511.0,6511.0,0.0,False
3998.74,3998.74,0.0,False
8493.06,-1.0,100.0,False
-1.0,-1.0,-0.0,False
-1.0,-1.0,-0.0,False
9150.64,-1.0,100.0,False
3016.29,3016.29,0.0,False
1285.16,1285.16,0.0,False
5889.35,5889.35,0.0,False
-1.0,-1.0,-0.0,False
6753.38,-1.0,100.0,False
3294.48,3294.48,0.0,False
2865.8,2865.8,0.0,False
-1.0,-1.0,-0.0,False
-1.0,-1.0,-0.0,False
4723.03,4723.03,0.0,False
769.39,769.39,0.0,False
5429.66,5429.66,0.0,False
3759.49,3759.49,0.0,False
5112.07,5112.07,0.0,False
6078.81,6078.81,0.0,False
-1.0,-1.0,-0.0,False
-1.0,-1.0,-0.0,False
5706.64,5706.64,0.0,False
5180.07,5180.07,0.0,False
6167.78,6167.78,0.0,False
6227.77,-1.0,100.0,False
7003.82,-1.0,100.0,False
6519.84,-1.0,100.0,False
6576.74,-1.0,100.0,False
6180.62,6180.62,0.0,False
7758.89,-1.0,100.0,False
9949.61,-1.0,100.0,False
-1.0,-1.0,-0.0,False
11385.01,-1.0,100.0,False
1834.7,1834.7,0.0,False
5044.53,5044.53,0.0,False
2136.14,2136.14,0.0,False
5271.17,5271.17,0.0,False
4775.53,4775.53,0.0,False
-1.0,-1.0,-0.0,False
2928.75,2928.75,0.0,False
-1.0,-1.0,-0.0,False
-1.0,-1.0,-0.0,False
11264.06,-1.0,100.0,False
2427.33,2427.33,0.0,False
6427.44,6427.44,0.0,False
7613.49,-1.0,100.0,False
4683.43,4683.43,0.0,False
-1.0,-1.0,-0.0,False
4985.24,4985.24,0.0,False
4138.58,4138.58,0.0,False
9649.61,-1.0,100.0,False
7569.43,7569.43,0.0,False
-1.0,-1.0,-0.0,False
6391.62,6391.62,0.0,False
-1.0,-1.0,-0.0,False
5856.29,5856.29,0.0,False
6061.8,6061.8,0.0,False
4199.85,4199.85,0.0,False
7906.28,-1.0,100.0,False
7722.11,-1.0,100.0,False
-1.0,-1.0,-0.0,False
1737.68,1737.68,0.0,False
2427.77,2427.77,0.0,False
-1.0,-1.0,-0.0,False
6545.22,-1.0,100.0,False
6659.48,-1.0,100.0,False
5208.47,5208.47,0.0,False
-1.0,-1.0,-0.0,False
-1.0,-1.0,-0.0,False
-1.0,-1.0,-0.0,False
-1.0,-1.0,-0.0,False
-1.0,-1.0,-0.0,False
10500.28,-1.0,100.0,False
6869.18,6869.18,0.0,False
11120.95,-1.0,100.0,False
2763.33,2763.33,0.0,False
1707.28,1707.28,0.0,False
6050.84,6050.84,0.0,False
6718.42,6718.42,0.0,False
-1.0,-1.0,-0.0,False
-1.0,-1.0,-0.0,False
-1.0,-1.0,-0.0,False
4929.12,4929.12,0.0,False
7237.05,7237.05,0.0,False
-1.0,-1.0,-0.0,False
5831.74,5831.74,0.0,False
-1.0,-1.0,-0.0,False
4084.55,4084.55,0.0,False
6937.57,6937.57,0.0,False
2280.99,2280.99,0.0,False
-1.0,-1.0,-0.0,False
11106.4,11106.4,0.0,False
8275.07,8275.07,0.0,False
3086.34,3086.34,0.0,False
5971.05,5971.05,0.0,False
3975.15,3975.15,0.0,False
2663.16,2663.16,0.0,False
-1.0,-1.0,-0.0,False
4098.14,4098.14,0.0,False
5949.72,-1.0,100.0,False
2835.11,2835.11,0.0,False
4669.74,4669.74,0.0,False
-1.0,-1.0,-0.0,False
5670.76,5670.76,0.0,False
7355.68,7355.68,0.0,False
6258.3,-1.0,100.0,False
-1.0,-1.0,-0.0,False
6401.2,-1.0,100.0,False
5378.63,5378.63,0.0,False
2415.2,2415.2,0.0,False
7602.76,-1.0,100.0,False
-1.0,-1.0,-0.0,False
4009.01,4009.01,0.0,False
6517.34,6517.34,0.0,False
-1.0,-1.0,-0.0,False
6434.41,-1.0,100.0,False
-1.0,-1.0,-0.0,False
-1.0,-1.0,-0.0,False
2951.07,2951.07,0.0,False
8249.38,8249.38,0.0,False
6071.82,6071.82,0.0,False
3678.76,3678.76,0.0,False
2424.79,2424.79,0.0,False
3702.51,3702.51,0.0,False
6913.56,6913.56,0.0,False
-1.0,-1.0,-0.0,False
5564.53,5564.53,0.0,False
5798.64,5798.64,0.0,False
5435.0,5435.0,0.0,False
2964.16,2964.16,0.0,False
8997.61,-1.0,100.0,False
8105.24,-1.0,100.0,False
6175.31,6175.31,0.0,False
7701.97,-1.0,100.0,False
3332.07,3332.07,0.0,False
-1.0,-1.0,-0.0,False
3544.36,3544.36,0.0,False
4423.97,4423.97,0.0,False
7410.87,7410.87,0.0,False
7088.08,-1.0,100.0,False
8189.37,-1.0,100.0,False
3768.73,3768.73,0.0,False
7410.76,7410.76,0.0,False
4154.26,4154.26,0.0,False
-1.0,-1.0,-0.0,False
3358.81,3358.81,0.0,False
-1.0,-1.0,-0.0,False
-1.0,-1.0,-0.0,False
581.12,581.12,0.0,False
1708.7,1708.7,0.0,False
2568.12,2568.12,0.0,False
4342.14,4342.14,0.0,False
4353.17,4353.17,0.0,False
7532.72,-1.0,100.0,False
7902.33,-1.0,100.0,False
841.93,841.93,0.0,False
4357.91,4357.91,0.0,False
5406.76,5406.76,0.0,False
5704.51,-1.0,100.0,False
-1.0,-1.0,-0.0,False
6235.75,6235.75,0.0,False
2304.56,2304.56,0.0,False
2548.94,2548.94,0.0,False
-1.0,-1.0,-0.0,False
-1.0,-1.0,-0.0,False
6575.73,6575.73,0.0,False
-1.0,-1.0,-0.0,False
9354.18,-1.0,100.0,False
-1.0,-1.0,-0.0,False
2711.33,2711.33,0.0,False
1719.85,1719.85,0.0,False
7441.96,-1.0,100.0,False
-1.0,-1.0,-0.0,False
5281.98,5281.98,0.0,False
-1.0,-1.0,-0.0,False
5267.24,5267.24,0.0,False
6257.95,6257.95,0.0,False
8753.69,8753.69,0.0,False
8647.66,8647.66,0.0,False
8482.61,8482.61,0.0,False
6990.64,-1.0,100.0,False
5964.42,5964.42,0.0,False
8804.53,-1.0,100.0,False
-1.0,-1.0,-0.0,False
8093.28,-1.0,100.0,False
9020.43,9020.43,0.0,False
5396.75,5396.75,0.0,False
4573.03,4573.03,0.0,False
7382.71,7382.71,0.0,False
-1.0,-1.0,-0.0,False
4994.7,4994.7,0.0,False
-1.0,-1.0,-0.0,False
8132.85,-1.0,100.0,False
-1.0,-1.0,-0.0,False
-1.0,-1.0,-0.0,False
10130.21,10130.21,0.0,False
5997.0,-1.0,100.0,False
-1.0,-1.0,-0.0,False
3806.71,3806.71,0.0,False
7661.25,7661.25,0.0,False
-1.0,-1.0,-0.0,False
4935.58,4935.58,0.0,False
3538.7,3538.7,0.0,False
7062.77,-1.0,100.0,False
8343.04,-1.0,100.0,False
939.15,939.15,0.0,False
-1.0,-1.0,-0.0,False
3098.76,3098.76,0.0,False
-1.0,-1.0,-0.0,False
12042.0,-1.0,100.0,False
-1.0,-1.0,-0.0,False
13433.8,-1.0,100.0,False
2596.5,2596.5,0.0,False
7792.73,-1.0,100.0,False
-1.0,-1.0,-0.0,False
4360.25,4360.25,0.0,False
5798.96,5798.96,0.0,False
6438.84,6438.84,0.0,False
8655.43,-1.0,100.0,False
4842.03,4842.03,0.0,False
5932.91,5932.91,0.0,False
5222.57,5222.57,0.0,False
5196.38,5196.38,0.0,False
6356.81,-1.0,100.0,False
3497.65,3497.65,0.0,False
-1.0,-1.0,-0.0,False
-1.0,-1.0,-0.0,False
-1.0,-1.0,-0.0,False
4165.67,4165.67,0.0,False
5143.4,5143.4,0.0,False
6777.34,6777.34,0.0,False
406.79,406.79,0.0,False
5217.06,5217.06,0.0,False
9243.8,-1.0,100.0,False
7294.72,7294.72,0.0,False
-1.0,-1.0,-0.0,False
1789.51,1789.51,0.0,False
2240.44,2240.44,0.0,False
-1.0,-1.0,-0.0,False
6014.56,6014.56,0.0,False
7933.5,-1.0,100.0,False
2582.86,2582.86,0.0,False
4563.72,4563.72,0.0,False
5605.37,5605.37,0.0,False
-1.0,-1.0,-0.0,False
-1.0,-1.0,-0.0,False
-1.0,-1.0,-0.0,False
5370.18,5370.18,0.0,False
8369.5,-1.0,100.0,False
4989.21,4989.21,0.0,False
4385.73,4385.73,0.0,False
5942.65,5942.65,0.0,False
6932.67,-1.0,100.0,False
5579.65,5579.65,0.0,False
5858.88,5858.88,0.0,False
2097.07,2097.07,0.0,False
8588.39,-1.0,100.0,False
7149.81,-1.0,100.0,False
-1.0,-1.0,-0.0,False
6604.02,6604.02,0.0,False
-1.0,-1.0,-0.0,False
-1.0,-1.0,-0.0,False
3418.88,3418.88,0.0,False
2760.07,2760.07,0.0,False
4035.72,4035.72,0.0,False
2863.89,2863.89,0.0,False
7064.8,7064.8,0.0,False
-1.0,-1.0,-0.0,False
-1.0,-1.0,-0.0,False
-1.0,-1.0,-0.0,False
3696.66,3696.66,0.0,False
8054.9,-1.0,100.0,False
8126.07,-1.0,100.0,False
4837.19,4837.19,0.0,False
5411.43,5411.43,0.0,False
-1.0,-1.0,-0.0,False
881.03,881.03,0.0,False
6464.6,6464.6,0.0,False
6084.6,6084.6,0.0,False
5730.98,5730.98,0.0,False
6723.27,6723.27,0.0,False
-1.0,-1.0,-0.0,False
3546.19,3546.19,0.0,False
-1.0,-1.0,-0.0,False
8345.24,-1.0,100.0,False
9771.17,-1.0,100.0,False
-1.0,-1.0,-0.0,False
5377.64,5377.64,0.0,False
4297.16,4297.16,0.0,False
-1.0,-1.0,-0.0,False
5207.85,5207.85,0.0,False
8676.48,-1.0,100.0,False
-1.0,-1.0,-0.0,False
-1.0,-1.0,-0.0,False
4660.04,4660.04,0.0,False
4011.41,4011.41,0.0,False
4006.51,4006.51,0.0,False
5499.89,5499.89,0.0,False
3821.92,3821.92,0.0,False
4515.25,4515.25,0.0,False
2172.64,2172.64,0.0,False
-1.0,-1.0,-0.0,False
-1.0,-1.0,-0.0,False
-1.0,-1.0,-0.0,False
-1.0,-1.0,-0.0,False
-1.0,-1.0,-0.0,False
4867.76,4867.76,0.0,False
2598.17,2598.17,0.0,False
4280.77,4280.77,0.0,False
6268.85,6268.85,0.0,False
-1.0,-1.0,-0.0,False
4383.04,4383.04,0.0,False
3876.8,3876.8,0.0,False
2666.66,2666.66,0.0,False
6565.01,6565.01,0.0,False
6062.61,6062.61,0.0,False
-1.0,-1.0,-0.0,False
3992.69,3992.69,0.0,False
5348.84,5348.84,0.0,False
5442.6,5442.6,0.0,False
9791.0,9791.0,0.0,False
8094.76,-1.0,100.0,False
5898.36,5898.36,0.0,False
5411.21,-1.0,100.0,False
5032.52,5032.52,0.0,False
-1.0,-1.0,-0.0,False
-1.0,-1.0,-0.0,False
5127.52,5127.52,0.0,False
-1.0,-1.0,-0.0,False
10553.41,10553.41,0.0,False
7633.43,7633.43,0.0,False
3224.21,3224.21,0.0,False
6347.27,6347.27,0.0,False
5727.04,5727.04,0.0,False
-1.0,-1.0,-0.0,False
5223.07,5223.07,0.0,False
4286.43,4286.43,0.0,False
6267.35,6267.35,0.0,False
230.13,230.13,0.0,False
-1.0,-1.0,-0.0,False
-1.0,-1.0,-0.0,False
5643.99,5643.99,0.0,False
7583.03,7583.03,0.0,False
9582.29,9582.29,0.0,False
6656.36,6656.36,0.0,False
9518.64,9518.64,0.0,False
3174.21,3174.21,0.0,False
-1.0,-1.0,-0.0,False
1927.15,1927.15,0.0,False
5579.41,5579.41,0.0,False
5911.14,5911.14,0.0,False
-1.0,-1.0,-0.0,False
3495.11,3495.11,0.0,False
4831.27,4831.27,0.0,False
3175.96,3175.96,0.0,False
7956.32,7956.32,0.0,False
7671.79,7671.79,0.0,False
8555.35,8555.35,0.0,False
3959.33,3959.33,0.0,False
4285.76,4285.76,0.0,False
5887.65,-1.0,100.0,False
8263.75,-1.0,100.0,False
6490.4,6490.4,0.0,False
-1.0,-1.0,-0.0,False
5470.85,5470.85,0.0,False
4255.86,4255.86,0.0,False
7428.49,7428.49,0.0,False
5120.87,5120.87,0.0,False
2552.98,2552.98,0.0,False
7444.61,7444.61,0.0,False
2748.92,2748.92,0.0,False
3834.66,3834.66,0.0,False
6773.26,6773.26,0.0,False
9068.94,-1.0,100.0,False
6390.91,6390.91,0.0,False
7027.11,-1.0,100.0,False
4458.1,4458.1,0.0,False
2677.9,2677.9,0.0,False
-1.0,-1.0,-0.0,False
14008.13,-1.0,100.0,False
3760.31,3760.31,0.0,False
4400.76,4400.76,0.0,False
7806.75,7806.75,0.0,False
11250.03,-1.0,100.0,False
-1.0,-1.0,-0.0,False
7074.23,7074.23,0.0,False
3853.86,3853.86,0.0,False
-1.0,-1.0,-0.0,False
9388.29,-1.0,100.0,False
5981.02,-1.0,100.0,False
12784.04,-1.0,100.0,False
-1.0,-1.0,-0.0,False
5229.76,5229.76,0.0,False
994.12,994.12,0.0,False
6032.28,6032.28,0.0,False
5580.87,5580.87,0.0,False
5779.98,5779.98,0.0,False
-1.0,-1.0,-0.0,False
6549.64,6549.64,0.0,False
5821.78,-1.0,100.0,False
4272.6,4272.6,0.0,False
917.8,917.8,0.0,False
-1.0,-1.0,-0.0,False
4737.06,4737.06,0.0,False
1354.01,1354.01,0.0,False
7215.3,-1.0,100.0,False
5574.25,5574.25,0.0,False
-1.0,-1.0,-0.0,False
10586.05,-1.0,100.0,False
-1.0,-1.0,-0.0,False
2689.31,2689.31,0.0,False
2444.03,2444.03,0.0,False
2464.0,2464.0,0.0,False
7612.3,-1.0,100.0,False
1279.71,1279.71,0.0,False
8662.52,8662.52,0.0,False
4129.18,4129.18,0.0,False
-1.0,-1.0,-0.0,False
7414.33,7414.33,0.0,False
3916.28,3916.28,0.0,False
6765.99,6765.99,0.0,False
7193.7,7193.7,0.0,False
4280.98,4280.98,0.0,False
5950.21,5950.21,0.0,False
7535.36,-1.0,100.0,False
-1.0,-1.0,-0.0,False
4043.75,4043.75,0.0,False
2168.26,2168.26,0.0,False
517.52,517.52,0.0,False
-1.0,-1.0,-0.0,False
7666.9,7666.9,0.0,False
6536.55,6536.55,0.0,False
-1.0,-1.0,-0.0,False
5714.0,-1.0,100.0,False
5544.59,5544.59,0.0,False
-1.0,-1.0,-0.0,False
1461.54,1461.54,0.0,False
-1.0,-1.0,-0.0,False
8138.39,8138.39,0.0,False
3712.05,3712.05,0.0,False
3532.37,3532.37,0.0,False
-1.0,-1.0,-0.0,False
3343.53,3343.53,0.0,False
4468.31,4468.31,0.0,False
-1.0,-1.0,-0.0,False
7849.42,7849.42,0.0,False
5362.08,5362.08,0.0,False
-1.0,-1.0,-0.0,False
5350.59,5350.59,0.0,False
-1.0,-1.0,-0.0,False
3726.59,3726.59,0.0,False
3236.0,3236.0,0.0,False
6101.82,6101.82,0.0,False
1324.74,1324.74,0.0,False
4341.93,4341.93,0.0,False
5520.05,5520.05,0.0,False
654.93,654.93,0.0,False
4032.53,4032.53,0.0,False
-1.0,-1.0,-0.0,False
-1.0,-1.0,-0.0,False
3483.09,3483.09,0.0,False
7160.98,7160.98,0.0,False
9560.13,-1.0,100.0,False
-1.0,-1.0,-0.0,False
2529.57,2529.57,0.0,False
2494.04,2494.04,0.0,False
1175.09,1175.09,0.0,False
2548.3,2548.3,0.0,False
-1.0,-1.0,-0.0,False
5945.79,5945.79,0.0,False
8079.63,8079.63,0.0,False
4860.72,4860.72,0.0,False
-1.0,-1.0,-0.0,False
-1.0,-1.0,-0.0,False
4193.55,4193.55,0.0,False
-1.0,-1.0,-0.0,False
872.79,872.79,0.0,False
5399.96,5399.96,0.0,False
6170.73,6170.73,0.0,False
3120.65,3120.65,0.0,False
6882.67,-1.0,100.0,False
-1.0,-1.0,-0.0,False
7851.9,7851.9,0.0,False
807.26,807.26,0.0,False
1065.49,1065.49,0.0,False
-1.0,-1.0,-0.0,False
7129.5,-1.0,100.0,False
-1.0,-1.0,-0.0,False
3783.99,3783.99,0.0,False
-1.0,-1.0,-0.0,False
3945.83,3945.83,0.0,False
6110.16,6110.16,0.0,False
5486.42,5486.42,0.0,False
-1.0,-1.0,-0.0,False
3714.09,3714.09,0.0,False
-1.0,-1.0,-0.0,False
1944.93,1944.93,0.0,False
3951.04,3951.04,0.0,False
6567.34,-1.0,100.0,False
5798.11,5798.11,0.0,False
6638.12,6638.12,0.0,False
6345.83,-1.0,100.0,False
7889.65,-1.0,100.0,False
5028.66,5028.66,0.0,False
2647.12,2647.12,0.0,False
1109.11,1109.11,0.0,False
3438.86,3438.86,0.0,False
1942.66,1942.66,0.0,False
6115.02,6115.02,0.0,False
3734.38,3734.38,0.0,False
10934.9,-1.0,100.0,False
923.87,923.87,0.0,False
6433.42,6433.42,0.0,False
-1.0,-1.0,-0.0,False
-1.0,-1.0,-0.0,False
2912.57,2912.57,0.0,False
2348.71,2348.71,0.0,False
2823.42,2823.42,0.0,False
4512.36,4512.36,0.0,False
1529.2,1529.2,0.0,False
3894.11,3894.11,0.0,False
6919.75,6919.75,0.0,False
3032.32,3032.32,0.0,False
5792.08,5792.08,0.0,False
4298.17,4298.17,0.0,False
5943.19,-1.0,100.0,False
9750.24,-1.0,100.0,False
2894.6,2894.6,0.0,False
10902.79,-1.0,100.0,False
-1.0,-1.0,-0.0,False
5298.82,5298.82,0.0,False
5346.2,5346.2,0.0,False
6770.65,-1.0,100.0,False
7210.19,7210.19,0.0,False
6338.25,6338.25,0.0,False
9387.55,-1.0,100.0,False
3128.01,3128.01,0.0,False
2274.72,2274.72,0.0,False
4662.74,4662.74,0.0,False
4919.24,4919.24,0.0,False
-1.0,-1.0,-0.0,False
4670.49,4670.49,0.0,False
3560.57,3560.57,0.0,False
4113.01,4113.01,0.0,False
-1.0,-1.0,-0.0,False
5059.2,5059.2,0.0,False
6350.2,6350.2,0.0,False
4498.13,4498.13,0.0,False
-1.0,-1.0,-0.0,False
-1.0,-1.0,-0.0,False
8172.23,-1.0,100.0,False
2429.54,2429.54,0.0,False
6181.35,6181.35,0.0,False
-1.0,-1.0,-0.0,False
5328.57,5328.57,0.0,False
6200.35,6200.35,0.0,False
2300.88,2300.88,0.0,False
-1.0,-1.0,-0.0,False
-1.0,-1.0,-0.0,False
3260.23,3260.23,0.0,False
5453.99,-1.0,100.0,False
2968.27,2968.27,0.0,False
8291.21,-1.0,100.0,False
8404.1,8404.1,0.0,False
3688.4,3688.4,0.0,False
3924.83,3924.83,0.0,False
5238.84,5238.84,0.0,False
5807.53,5807.53,0.0,False
-1.0,-1.0,-0.0,False
-1.0,-1.0,-0.0,False
5420.41,5420.41,0.0,False
-1.0,-1.0,-0.0,False
-1.0,-1.0,-0.0,False
7882.77,-1.0,100.0,False
9372.55,-1.0,100.0,False
2015.52,2015.52,0.0,False
2632.18,2632.18,0.0,False
2721.01,2721.01,0.0,False
8301.07,8301.07,0.0,False
3847.77,3847.77,0.0,False
5072.05,5072.05,0.0,False
3378.81,3378.81,0.0,False
7087.57,-1.0,100.0,False
6097.42,6097.42,0.0,False
9883.29,-1.0,100.0,False
8059.24,-1.0,100.0,False
8733.44,-1.0,100.0,False
8419.11,-1.0,100.0,False
-1.0,-1.0,-0.0,False
9862.9,-1.0,100.0,False
4991.61,4991.61,0.0,False
2783.15,2783.15,0.0,False
4516.51,4516.51,0.0,False
-1.0,-1.0,-0.0,False
